requests,concurrency,ylong_concurrency_model,scenario,repeat,client,elapsed_ms,latency_ms,throughput_rps,p50_us,p95_us,cpu_us,cpu_us_per_request,rss_peak_bytes,errors,proxy_connections,proxy_forward_requests,proxy_connect_requests,proxy_tunnel_bytes_from_client,proxy_tunnel_bytes_from_origin,proxy_tls_client_auth_failures,proxy_request_header_bytes,proxy_request_body_bytes,proxy_response_body_bytes,proxy_response_send_us,proxy_response_send_events,proxy_tunnel_send_to_client_us,proxy_tunnel_send_to_client_events,proxy_tunnel_send_to_origin_us,proxy_tunnel_send_to_origin_events,origin_connections,origin_requests,origin_tls_connections,origin_request_header_bytes,origin_request_body_bytes,origin_response_body_bytes,origin_response_send_us,origin_response_send_events,phase_request_build_us,phase_request_execute_us,phase_body_drain_us,phase_connect_us,phase_dns_us,phase_tcp_us,phase_tls_us,phase_transfer_us,phase_request_format_us,phase_pool_checkout_us,phase_send_on_conn_us,phase_http1_write_us,phase_http1_encode_us,phase_http1_write_io_us,phase_response_head_us,phase_response_read_us,phase_response_read_polls,phase_response_read_pending,phase_response_pre_read_bytes,phase_response_pre_read_events,phase_response_intercept_us,phase_response_decode_us,phase_libcurl_perform_us,tls_ssl_read_calls,tls_ssl_read_pending,tls_ssl_write_calls,tls_ssl_write_pending,tls_underlying_read_calls,tls_underlying_read_pending,tls_underlying_write_calls,tls_underlying_write_pending,body_chunks,body_bytes,proxy_tls_fingerprints,origin_tls_fingerprints
200,1,threaded,http-over-https-proxy,1,ylong_http_client_sync,22.032334,0.11016166999999999,9077.567542322118,92,109,12312,61.56,15912960,0,1,250,0,0,0,0,19750,0,1024000,7273,250,0,0,0,0,0,0,0,0,0,0,0,0,0,0,0,0,0,0,0,0,0,0,0,0,0,0,0,0,0,0,0,0,0,0,0,0,0,0,0,0,0,0,0,200,819200,TLSv1.3:TLS_AES_256_GCM_SHA384:256=1,-
200,1,threaded,http-over-https-proxy,1,libcurl,13.168061,0.065840305,15188.264999683704,55,59,9146,45.73,14970880,0,1,250,0,0,0,0,27750,0,1024000,3223,250,0,0,0,0,0,0,0,0,0,0,0,0,0,0,0,0,0,0,0,0,0,0,0,0,0,0,0,0,0,0,0,0,0,0,0,0,0,0,0,0,0,0,0,200,819200,TLSv1.3:TLS_AES_256_GCM_SHA384:256=1,-
200,1,threaded,http-over-https-proxy,2,ylong_http_client_sync,19.358072,0.09679036,10331.607403877824,79,88,10948,54.74,15929344,0,1,250,0,0,0,0,19750,0,1024000,5980,250,0,0,0,0,0,0,0,0,0,0,0,0,0,0,0,0,0,0,0,0,0,0,0,0,0,0,0,0,0,0,0,0,0,0,0,0,0,0,0,0,0,0,0,200,819200,TLSv1.3:TLS_AES_256_GCM_SHA384:256=1,-
200,1,threaded,http-over-https-proxy,2,libcurl,28.577995,0.142889975,6998.391594651759,118,144,19662,98.31,15138816,0,1,250,0,0,0,0,27750,0,1024000,7549,250,0,0,0,0,0,0,0,0,0,0,0,0,0,0,0,0,0,0,0,0,0,0,0,0,0,0,0,0,0,0,0,0,0,0,0,0,0,0,0,0,0,0,0,200,819200,TLSv1.3:TLS_AES_256_GCM_SHA384:256=1,-
200,1,threaded,http-over-https-proxy,3,ylong_http_client_sync,19.758605,0.09879302499999999,10122.172086541535,83,91,11145,55.725,15994880,0,1,250,0,0,0,0,19750,0,1024000,6318,250,0,0,0,0,0,0,0,0,0,0,0,0,0,0,0,0,0,0,0,0,0,0,0,0,0,0,0,0,0,0,0,0,0,0,0,0,0,0,0,0,0,0,0,200,819200,TLSv1.3:TLS_AES_256_GCM_SHA384:256=1,-
200,1,threaded,http-over-https-proxy,3,libcurl,28.486902,0.14243451000000001,7020.7704579459005,120,155,19664,98.32,15101952,0,1,250,0,0,0,0,27750,0,1024000,6850,250,0,0,0,0,0,0,0,0,0,0,0,0,0,0,0,0,0,0,0,0,0,0,0,0,0,0,0,0,0,0,0,0,0,0,0,0,0,0,0,0,0,0,0,200,819200,TLSv1.3:TLS_AES_256_GCM_SHA384:256=1,-
200,1,threaded,http-over-https-proxy,4,ylong_http_client_sync,18.24079,0.09120395,10964.43739552947,73,90,9952,49.76,15929344,0,1,250,0,0,0,0,19750,0,1024000,5810,250,0,0,0,0,0,0,0,0,0,0,0,0,0,0,0,0,0,0,0,0,0,0,0,0,0,0,0,0,0,0,0,0,0,0,0,0,0,0,0,0,0,0,0,200,819200,TLSv1.3:TLS_AES_256_GCM_SHA384:256=1,-
200,1,threaded,http-over-https-proxy,4,libcurl,12.81394,0.06406970000000001,15608.001910419433,55,59,8990,44.95,14983168,0,1,250,0,0,0,0,27750,0,1024000,3215,250,0,0,0,0,0,0,0,0,0,0,0,0,0,0,0,0,0,0,0,0,0,0,0,0,0,0,0,0,0,0,0,0,0,0,0,0,0,0,0,0,0,0,0,200,819200,TLSv1.3:TLS_AES_256_GCM_SHA384:256=1,-
200,1,threaded,http-over-https-proxy,5,ylong_http_client_sync,18.876262,0.09438131,10595.318077276104,77,92,10628,53.14,16003072,0,1,250,0,0,0,0,19750,0,1024000,5781,250,0,0,0,0,0,0,0,0,0,0,0,0,0,0,0,0,0,0,0,0,0,0,0,0,0,0,0,0,0,0,0,0,0,0,0,0,0,0,0,0,0,0,0,200,819200,TLSv1.3:TLS_AES_256_GCM_SHA384:256=1,-
200,1,threaded,http-over-https-proxy,5,libcurl,12.748658,0.06374329000000001,15687.925740889745,55,57,8952,44.76,14995456,0,1,250,0,0,0,0,27750,0,1024000,3204,250,0,0,0,0,0,0,0,0,0,0,0,0,0,0,0,0,0,0,0,0,0,0,0,0,0,0,0,0,0,0,0,0,0,0,0,0,0,0,0,0,0,0,0,200,819200,TLSv1.3:TLS_AES_256_GCM_SHA384:256=1,-
1000,1,threaded,http-over-https-proxy,1,ylong_http_client_sync,101.859702,0.101859702,9817.425148170962,87,100,55038,55.038,16039936,0,1,1050,0,0,0,0,82950,0,4300800,25928,1050,0,0,0,0,0,0,0,0,0,0,0,0,0,0,0,0,0,0,0,0,0,0,0,0,0,0,0,0,0,0,0,0,0,0,0,0,0,0,0,0,0,0,0,1000,4096000,TLSv1.3:TLS_AES_256_GCM_SHA384:256=1,-
1000,1,threaded,http-over-https-proxy,1,libcurl,64.68436,0.06468436,15459.68762773567,55,59,45224,45.224,15036416,0,1,1050,0,0,0,0,116550,0,4300800,13276,1050,0,0,0,0,0,0,0,0,0,0,0,0,0,0,0,0,0,0,0,0,0,0,0,0,0,0,0,0,0,0,0,0,0,0,0,0,0,0,0,0,0,0,0,1000,4096000,TLSv1.3:TLS_AES_256_GCM_SHA384:256=1,-
1000,1,threaded,http-over-https-proxy,2,ylong_http_client_sync,102.520545,0.102520545,9754.142450179132,83,99,57084,57.084,15982592,0,1,1050,0,0,0,0,82950,0,4300800,27156,1050,0,0,0,0,0,0,0,0,0,0,0,0,0,0,0,0,0,0,0,0,0,0,0,0,0,0,0,0,0,0,0,0,0,0,0,0,0,0,0,0,0,0,0,1000,4096000,TLSv1.3:TLS_AES_256_GCM_SHA384:256=1,-
1000,1,threaded,http-over-https-proxy,2,libcurl,72.262941,0.072262941,13838.35180469613,56,111,47251,47.251,15122432,0,1,1050,0,0,0,0,116550,0,4300800,15622,1050,0,0,0,0,0,0,0,0,0,0,0,0,0,0,0,0,0,0,0,0,0,0,0,0,0,0,0,0,0,0,0,0,0,0,0,0,0,0,0,0,0,0,0,1000,4096000,TLSv1.3:TLS_AES_256_GCM_SHA384:256=1,-
1000,1,threaded,http-over-https-proxy,3,ylong_http_client_sync,104.342091,0.104342091,9583.86007426284,87,99,58618,58.618,15986688,0,1,1050,0,0,0,0,82950,0,4300800,27365,1050,0,0,0,0,0,0,0,0,0,0,0,0,0,0,0,0,0,0,0,0,0,0,0,0,0,0,0,0,0,0,0,0,0,0,0,0,0,0,0,0,0,0,0,1000,4096000,TLSv1.3:TLS_AES_256_GCM_SHA384:256=1,-
1000,1,threaded,http-over-https-proxy,3,libcurl,64.597463,0.06459746300000001,15480.484117464488,55,60,44840,44.84,14995456,0,1,1050,0,0,0,0,116550,0,4300800,13545,1050,0,0,0,0,0,0,0,0,0,0,0,0,0,0,0,0,0,0,0,0,0,0,0,0,0,0,0,0,0,0,0,0,0,0,0,0,0,0,0,0,0,0,0,1000,4096000,TLSv1.3:TLS_AES_256_GCM_SHA384:256=1,-
1000,1,threaded,http-over-https-proxy,4,ylong_http_client_sync,105.935308,0.105935308,9439.723345119268,87,107,58808,58.808,15953920,0,1,1050,0,0,0,0,82950,0,4300800,26781,1050,0,0,0,0,0,0,0,0,0,0,0,0,0,0,0,0,0,0,0,0,0,0,0,0,0,0,0,0,0,0,0,0,0,0,0,0,0,0,0,0,0,0,0,1000,4096000,TLSv1.3:TLS_AES_256_GCM_SHA384:256=1,-
1000,1,threaded,http-over-https-proxy,4,libcurl,115.546276,0.115546276,8654.541146786938,106,119,79850,79.85,15118336,0,1,1050,0,0,0,0,116550,0,4300800,24850,1050,0,0,0,0,0,0,0,0,0,0,0,0,0,0,0,0,0,0,0,0,0,0,0,0,0,0,0,0,0,0,0,0,0,0,0,0,0,0,0,0,0,0,0,1000,4096000,TLSv1.3:TLS_AES_256_GCM_SHA384:256=1,-
1000,1,threaded,http-over-https-proxy,5,ylong_http_client_sync,106.06669,0.10606668999999999,9428.030609798421,87,105,58949,58.949,15982592,0,1,1050,0,0,0,0,82950,0,4300800,27850,1050,0,0,0,0,0,0,0,0,0,0,0,0,0,0,0,0,0,0,0,0,0,0,0,0,0,0,0,0,0,0,0,0,0,0,0,0,0,0,0,0,0,0,0,1000,4096000,TLSv1.3:TLS_AES_256_GCM_SHA384:256=1,-
1000,1,threaded,http-over-https-proxy,5,libcurl,126.495605,0.126495605,7905.41299834093,112,130,87362,87.362,15020032,0,1,1050,0,0,0,0,116550,0,4300800,25973,1050,0,0,0,0,0,0,0,0,0,0,0,0,0,0,0,0,0,0,0,0,0,0,0,0,0,0,0,0,0,0,0,0,0,0,0,0,0,0,0,0,0,0,0,1000,4096000,TLSv1.3:TLS_AES_256_GCM_SHA384:256=1,-
3000,1,threaded,http-over-https-proxy,1,ylong_http_client_sync,313.213844,0.10440461466666666,9578.120691242497,87,106,174851,58.28366666666667,16080896,0,1,3050,0,0,0,0,240950,0,12492800,79578,3050,0,0,0,0,0,0,0,0,0,0,0,0,0,0,0,0,0,0,0,0,0,0,0,0,0,0,0,0,0,0,0,0,0,0,0,0,0,0,0,0,0,0,0,3000,12288000,TLSv1.3:TLS_AES_256_GCM_SHA384:256=1,-
3000,1,threaded,http-over-https-proxy,1,libcurl,284.254126,0.09475137533333333,10553.936515243406,104,119,200041,66.68033333333334,15060992,0,1,3050,0,0,0,0,338550,0,12492800,55423,3050,0,0,0,0,0,0,0,0,0,0,0,0,0,0,0,0,0,0,0,0,0,0,0,0,0,0,0,0,0,0,0,0,0,0,0,0,0,0,0,0,0,0,0,3000,12288000,TLSv1.3:TLS_AES_256_GCM_SHA384:256=1,-
3000,1,threaded,http-over-https-proxy,2,ylong_http_client_sync,298.254167,0.09941805566666667,10058.535074884636,83,93,167770,55.92333333333333,15962112,0,1,3050,0,0,0,0,240950,0,12492800,76242,3050,0,0,0,0,0,0,0,0,0,0,0,0,0,0,0,0,0,0,0,0,0,0,0,0,0,0,0,0,0,0,0,0,0,0,0,0,0,0,0,0,0,0,0,3000,12288000,TLSv1.3:TLS_AES_256_GCM_SHA384:256=1,-
3000,1,threaded,http-over-https-proxy,2,libcurl,305.678875,0.10189295833333334,9814.22088785167,91,106,214395,71.465,15060992,0,1,3050,0,0,0,0,338550,0,12492800,62465,3050,0,0,0,0,0,0,0,0,0,0,0,0,0,0,0,0,0,0,0,0,0,0,0,0,0,0,0,0,0,0,0,0,0,0,0,0,0,0,0,0,0,0,0,3000,12288000,TLSv1.3:TLS_AES_256_GCM_SHA384:256=1,-
3000,1,threaded,http-over-https-proxy,3,ylong_http_client_sync,271.044354,0.090348118,11068.299175861084,83,92,152572,50.85733333333334,16064512,0,1,3050,0,0,0,0,240950,0,12492800,68240,3050,0,0,0,0,0,0,0,0,0,0,0,0,0,0,0,0,0,0,0,0,0,0,0,0,0,0,0,0,0,0,0,0,0,0,0,0,0,0,0,0,0,0,0,3000,12288000,TLSv1.3:TLS_AES_256_GCM_SHA384:256=1,-
3000,1,threaded,http-over-https-proxy,3,libcurl,378.735656,0.12624521866666666,7921.092066388383,107,124,264215,88.07166666666667,14987264,0,1,3050,0,0,0,0,338550,0,12492800,78252,3050,0,0,0,0,0,0,0,0,0,0,0,0,0,0,0,0,0,0,0,0,0,0,0,0,0,0,0,0,0,0,0,0,0,0,0,0,0,0,0,0,0,0,0,3000,12288000,TLSv1.3:TLS_AES_256_GCM_SHA384:256=1,-
3000,1,threaded,http-over-https-proxy,4,ylong_http_client_sync,297.213833,0.09907127766666668,10093.742844062039,83,91,164890,54.96333333333333,15917056,0,1,3050,0,0,0,0,240950,0,12492800,76180,3050,0,0,0,0,0,0,0,0,0,0,0,0,0,0,0,0,0,0,0,0,0,0,0,0,0,0,0,0,0,0,0,0,0,0,0,0,0,0,0,0,0,0,0,3000,12288000,TLSv1.3:TLS_AES_256_GCM_SHA384:256=1,-
3000,1,threaded,http-over-https-proxy,4,libcurl,372.994353,0.124331451,8043.017208895922,105,123,260491,86.83033333333333,15097856,0,1,3050,0,0,0,0,338550,0,12492800,77836,3050,0,0,0,0,0,0,0,0,0,0,0,0,0,0,0,0,0,0,0,0,0,0,0,0,0,0,0,0,0,0,0,0,0,0,0,0,0,0,0,0,0,0,0,3000,12288000,TLSv1.3:TLS_AES_256_GCM_SHA384:256=1,-
3000,1,threaded,http-over-https-proxy,5,ylong_http_client_sync,324.901988,0.10830066266666667,9233.553843320897,90,105,181861,60.620333333333335,15990784,0,1,3050,0,0,0,0,240950,0,12492800,82031,3050,0,0,0,0,0,0,0,0,0,0,0,0,0,0,0,0,0,0,0,0,0,0,0,0,0,0,0,0,0,0,0,0,0,0,0,0,0,0,0,0,0,0,0,3000,12288000,TLSv1.3:TLS_AES_256_GCM_SHA384:256=1,-
3000,1,threaded,http-over-https-proxy,5,libcurl,344.670963,0.11489032099999999,8703.953399172764,113,133,240089,80.02966666666667,15077376,0,1,3050,0,0,0,0,338550,0,12492800,69017,3050,0,0,0,0,0,0,0,0,0,0,0,0,0,0,0,0,0,0,0,0,0,0,0,0,0,0,0,0,0,0,0,0,0,0,0,0,0,0,0,0,0,0,0,3000,12288000,TLSv1.3:TLS_AES_256_GCM_SHA384:256=1,-
200,1,threaded,https-over-https-proxy,1,ylong_http_client_sync,43.957233,0.219786165,4549.87692241684,187,316,14302,71.51,16097280,0,1,0,1,21299,1058720,0,59,0,0,0,0,7809,253,4191,252,1,250,1,14250,0,1024000,8125,250,0,0,0,0,0,0,0,0,0,0,0,0,0,0,0,0,0,0,0,0,0,0,0,0,0,0,0,0,0,0,0,200,819200,TLSv1.3:TLS_AES_256_GCM_SHA384:256=1,TLSv1.3:TLS_AES_256_GCM_SHA384:256=1
200,1,threaded,https-over-https-proxy,1,libcurl,48.170918,0.24085459,4151.882677427904,214,253,21298,106.49,15060992,0,1,0,1,21905,1058720,0,89,0,0,0,0,7539,253,4066,253,1,250,1,14750,0,1024000,7756,250,0,0,0,0,0,0,0,0,0,0,0,0,0,0,0,0,0,0,0,0,0,0,0,0,0,0,0,0,0,0,0,200,819200,TLSv1.3:TLS_AES_256_GCM_SHA384:256=1,TLSv1.3:TLS_AES_256_GCM_SHA384:256=1
200,1,threaded,https-over-https-proxy,2,ylong_http_client_sync,42.208206,0.21104103,4738.415084498024,187,247,13804,69.02,16121856,0,1,0,1,21299,1058720,0,59,0,0,0,0,7742,252,4202,252,1,250,1,14250,0,1024000,8251,250,0,0,0,0,0,0,0,0,0,0,0,0,0,0,0,0,0,0,0,0,0,0,0,0,0,0,0,0,0,0,0,200,819200,TLSv1.3:TLS_AES_256_GCM_SHA384:256=1,TLSv1.3:TLS_AES_256_GCM_SHA384:256=1
200,1,threaded,https-over-https-proxy,2,libcurl,46.593652,0.23296825999999998,4292.430222039689,213,236,20626,103.13,15187968,0,1,0,1,21905,1058720,0,89,0,0,0,0,7819,252,4187,253,1,250,1,14750,0,1024000,8083,250,0,0,0,0,0,0,0,0,0,0,0,0,0,0,0,0,0,0,0,0,0,0,0,0,0,0,0,0,0,0,0,200,819200,TLSv1.3:TLS_AES_256_GCM_SHA384:256=1,TLSv1.3:TLS_AES_256_GCM_SHA384:256=1
200,1,threaded,https-over-https-proxy,3,ylong_http_client_sync,47.580897,0.237904485,4203.367582582565,210,308,16018,80.09,15962112,0,1,0,1,21299,1058720,0,59,0,0,0,0,7757,252,4152,252,1,250,1,14250,0,1024000,8079,250,0,0,0,0,0,0,0,0,0,0,0,0,0,0,0,0,0,0,0,0,0,0,0,0,0,0,0,0,0,0,0,200,819200,TLSv1.3:TLS_AES_256_GCM_SHA384:256=1,TLSv1.3:TLS_AES_256_GCM_SHA384:256=1
200,1,threaded,https-over-https-proxy,3,libcurl,53.989388,0.26994693999999997,3704.4316931319913,249,269,23929,119.645,15114240,0,1,0,1,21905,1058720,0,89,0,0,0,0,7963,252,4281,253,1,250,1,14750,0,1024000,9124,250,0,0,0,0,0,0,0,0,0,0,0,0,0,0,0,0,0,0,0,0,0,0,0,0,0,0,0,0,0,0,0,200,819200,TLSv1.3:TLS_AES_256_GCM_SHA384:256=1,TLSv1.3:TLS_AES_256_GCM_SHA384:256=1
200,1,threaded,https-over-https-proxy,4,ylong_http_client_sync,40.431831,0.202159155,4946.59764481109,182,299,13230,66.15,16142336,0,1,0,1,21299,1058720,0,59,0,0,0,0,6845,252,3547,252,1,250,1,14250,0,1024000,7126,250,0,0,0,0,0,0,0,0,0,0,0,0,0,0,0,0,0,0,0,0,0,0,0,0,0,0,0,0,0,0,0,200,819200,TLSv1.3:TLS_AES_256_GCM_SHA384:256=1,TLSv1.3:TLS_AES_256_GCM_SHA384:256=1
200,1,threaded,https-over-https-proxy,4,libcurl,46.301809,0.231509045,4319.485659836746,211,238,20510,102.55,15130624,0,1,0,1,21905,1058720,0,89,0,0,0,0,7553,252,4076,253,1,250,1,14750,0,1024000,7824,250,0,0,0,0,0,0,0,0,0,0,0,0,0,0,0,0,0,0,0,0,0,0,0,0,0,0,0,0,0,0,0,200,819200,TLSv1.3:TLS_AES_256_GCM_SHA384:256=1,TLSv1.3:TLS_AES_256_GCM_SHA384:256=1
200,1,threaded,https-over-https-proxy,5,ylong_http_client_sync,47.773954,0.23886977,4186.381558453378,200,392,15363,76.815,16023552,0,1,0,1,21299,1058720,0,59,0,0,0,0,8175,252,4440,252,1,250,1,14250,0,1024000,8809,250,0,0,0,0,0,0,0,0,0,0,0,0,0,0,0,0,0,0,0,0,0,0,0,0,0,0,0,0,0,0,0,200,819200,TLSv1.3:TLS_AES_256_GCM_SHA384:256=1,TLSv1.3:TLS_AES_256_GCM_SHA384:256=1
200,1,threaded,https-over-https-proxy,5,libcurl,57.568349,0.287841745,3474.1312452785473,258,321,25314,126.57,15159296,0,1,0,1,21905,1058720,0,89,0,0,0,0,8580,253,4606,253,1,250,1,14750,0,1024000,9424,250,0,0,0,0,0,0,0,0,0,0,0,0,0,0,0,0,0,0,0,0,0,0,0,0,0,0,0,0,0,0,0,200,819200,TLSv1.3:TLS_AES_256_GCM_SHA384:256=1,TLSv1.3:TLS_AES_256_GCM_SHA384:256=1
1000,1,threaded,https-over-https-proxy,1,ylong_http_client_sync,168.793121,0.16879312100000002,5924.412049943669,169,211,56152,56.152,16023552,0,1,0,1,84499,4437120,0,59,0,0,0,0,22316,1053,11867,1052,1,1050,1,59850,0,4300800,24449,1050,0,0,0,0,0,0,0,0,0,0,0,0,0,0,0,0,0,0,0,0,0,0,0,0,0,0,0,0,0,0,0,1000,4096000,TLSv1.3:TLS_AES_256_GCM_SHA384:256=1,TLSv1.3:TLS_AES_256_GCM_SHA384:256=1
1000,1,threaded,https-over-https-proxy,1,libcurl,122.797538,0.122797538,8143.485743175079,110,150,56765,56.765,15040512,0,1,0,1,86705,4437120,0,89,0,0,0,0,14504,1052,7603,1053,1,1050,1,61950,0,4300800,12788,1050,0,0,0,0,0,0,0,0,0,0,0,0,0,0,0,0,0,0,0,0,0,0,0,0,0,0,0,0,0,0,0,1000,4096000,TLSv1.3:TLS_AES_256_GCM_SHA384:256=1,TLSv1.3:TLS_AES_256_GCM_SHA384:256=1
1000,1,threaded,https-over-https-proxy,2,ylong_http_client_sync,220.275828,0.22027582799999998,4539.7627559933635,195,257,75739,75.739,16056320,0,1,0,1,84499,4437120,0,59,0,0,0,0,28849,1053,15807,1052,1,1050,1,59850,0,4300800,31110,1050,0,0,0,0,0,0,0,0,0,0,0,0,0,0,0,0,0,0,0,0,0,0,0,0,0,0,0,0,0,0,0,1000,4096000,TLSv1.3:TLS_AES_256_GCM_SHA384:256=1,TLSv1.3:TLS_AES_256_GCM_SHA384:256=1
1000,1,threaded,https-over-https-proxy,2,libcurl,232.113903,0.23211390299999998,4308.229653955714,211,238,102031,102.031,15101952,0,1,0,1,86705,4437120,0,89,0,0,0,0,27909,1052,15034,1053,1,1050,1,61950,0,4300800,30283,1050,0,0,0,0,0,0,0,0,0,0,0,0,0,0,0,0,0,0,0,0,0,0,0,0,0,0,0,0,0,0,0,1000,4096000,TLSv1.3:TLS_AES_256_GCM_SHA384:256=1,TLSv1.3:TLS_AES_256_GCM_SHA384:256=1
1000,1,threaded,https-over-https-proxy,3,ylong_http_client_sync,199.562168,0.199562168,5010.9698146795035,191,282,68667,68.667,15949824,0,1,0,1,84499,4437120,0,59,0,0,0,0,26653,1053,14399,1052,1,1050,1,59850,0,4300800,28181,1050,0,0,0,0,0,0,0,0,0,0,0,0,0,0,0,0,0,0,0,0,0,0,0,0,0,0,0,0,0,0,0,1000,4096000,TLSv1.3:TLS_AES_256_GCM_SHA384:256=1,TLSv1.3:TLS_AES_256_GCM_SHA384:256=1
1000,1,threaded,https-over-https-proxy,3,libcurl,184.641556,0.184641556,5415.89889981213,192,211,82192,82.192,15073280,0,1,0,1,86705,4437120,0,89,0,0,0,0,22623,1052,12314,1053,1,1050,1,61950,0,4300800,23104,1050,0,0,0,0,0,0,0,0,0,0,0,0,0,0,0,0,0,0,0,0,0,0,0,0,0,0,0,0,0,0,0,1000,4096000,TLSv1.3:TLS_AES_256_GCM_SHA384:256=1,TLSv1.3:TLS_AES_256_GCM_SHA384:256=1
1000,1,threaded,https-over-https-proxy,4,ylong_http_client_sync,188.777841,0.188777841,5297.2318928046225,170,192,62726,62.726,15974400,0,1,0,1,84499,4437120,0,59,0,0,0,0,27418,1053,14842,1052,1,1050,1,59850,0,4300800,28161,1050,0,0,0,0,0,0,0,0,0,0,0,0,0,0,0,0,0,0,0,0,0,0,0,0,0,0,0,0,0,0,0,1000,4096000,TLSv1.3:TLS_AES_256_GCM_SHA384:256=1,TLSv1.3:TLS_AES_256_GCM_SHA384:256=1
1000,1,threaded,https-over-https-proxy,4,libcurl,235.631452,0.235631452,4243.915621247371,215,238,104048,104.048,15171584,0,1,0,1,86705,4437120,0,89,0,0,0,0,28661,1052,15460,1053,1,1050,1,61950,0,4300800,30748,1050,0,0,0,0,0,0,0,0,0,0,0,0,0,0,0,0,0,0,0,0,0,0,0,0,0,0,0,0,0,0,0,1000,4096000,TLSv1.3:TLS_AES_256_GCM_SHA384:256=1,TLSv1.3:TLS_AES_256_GCM_SHA384:256=1
1000,1,threaded,https-over-https-proxy,5,ylong_http_client_sync,188.860949,0.188860949,5294.900853219794,170,192,63423,63.423,16027648,0,1,0,1,84499,4437120,0,59,0,0,0,0,26541,1053,14302,1052,1,1050,1,59850,0,4300800,27566,1050,0,0,0,0,0,0,0,0,0,0,0,0,0,0,0,0,0,0,0,0,0,0,0,0,0,0,0,0,0,0,0,1000,4096000,TLSv1.3:TLS_AES_256_GCM_SHA384:256=1,TLSv1.3:TLS_AES_256_GCM_SHA384:256=1
1000,1,threaded,https-over-https-proxy,5,libcurl,237.646218,0.237646218,4207.935680255598,213,267,104018,104.018,15228928,0,1,0,1,86705,4437120,0,89,0,0,0,0,28564,1052,15524,1053,1,1050,1,61950,0,4300800,31239,1050,0,0,0,0,0,0,0,0,0,0,0,0,0,0,0,0,0,0,0,0,0,0,0,0,0,0,0,0,0,0,0,1000,4096000,TLSv1.3:TLS_AES_256_GCM_SHA384:256=1,TLSv1.3:TLS_AES_256_GCM_SHA384:256=1
3000,1,threaded,https-over-https-proxy,1,ylong_http_client_sync,566.723596,0.18890786533333334,5293.585834742621,170,192,189413,63.13766666666667,16027648,0,1,0,1,242499,12883120,0,59,0,0,0,0,77140,3053,41837,3052,1,3050,1,173850,0,12492800,79069,3050,0,0,0,0,0,0,0,0,0,0,0,0,0,0,0,0,0,0,0,0,0,0,0,0,0,0,0,0,0,0,0,3000,12288000,TLSv1.3:TLS_AES_256_GCM_SHA384:256=1,TLSv1.3:TLS_AES_256_GCM_SHA384:256=1
3000,1,threaded,https-over-https-proxy,1,libcurl,670.052402,0.22335080066666668,4477.2617649686445,203,228,295934,98.64466666666667,15106048,0,1,0,1,248705,12883120,0,89,0,0,0,0,77679,3052,41958,3053,1,3050,1,179950,0,12492800,83225,3050,0,0,0,0,0,0,0,0,0,0,0,0,0,0,0,0,0,0,0,0,0,0,0,0,0,0,0,0,0,0,0,3000,12288000,TLSv1.3:TLS_AES_256_GCM_SHA384:256=1,TLSv1.3:TLS_AES_256_GCM_SHA384:256=1
3000,1,threaded,https-over-https-proxy,2,ylong_http_client_sync,595.055636,0.19835187866666668,5041.545392572334,183,195,204056,68.01866666666666,16076800,0,1,0,1,242499,12883120,0,59,0,0,0,0,76316,3053,41454,3052,1,3050,1,173850,0,12492800,82205,3050,0,0,0,0,0,0,0,0,0,0,0,0,0,0,0,0,0,0,0,0,0,0,0,0,0,0,0,0,0,0,0,3000,12288000,TLSv1.3:TLS_AES_256_GCM_SHA384:256=1,TLSv1.3:TLS_AES_256_GCM_SHA384:256=1
3000,1,threaded,https-over-https-proxy,2,libcurl,654.53512,0.21817837333333334,4583.405700216666,197,228,289535,96.51166666666667,15261696,0,1,0,1,248705,12883120,0,89,0,0,0,0,78904,3053,42431,3053,1,3050,1,179950,0,12492800,81039,3050,0,0,0,0,0,0,0,0,0,0,0,0,0,0,0,0,0,0,0,0,0,0,0,0,0,0,0,0,0,0,0,3000,12288000,TLSv1.3:TLS_AES_256_GCM_SHA384:256=1,TLSv1.3:TLS_AES_256_GCM_SHA384:256=1
3000,1,threaded,https-over-https-proxy,3,ylong_http_client_sync,590.857755,0.19695258499999999,5077.364178794606,179,211,200341,66.78033333333333,15990784,0,1,0,1,242499,12883120,0,59,0,0,0,0,77269,3053,41906,3052,1,3050,1,173850,0,12492800,82358,3050,0,0,0,0,0,0,0,0,0,0,0,0,0,0,0,0,0,0,0,0,0,0,0,0,0,0,0,0,0,0,0,3000,12288000,TLSv1.3:TLS_AES_256_GCM_SHA384:256=1,TLSv1.3:TLS_AES_256_GCM_SHA384:256=1
3000,1,threaded,https-over-https-proxy,3,libcurl,683.135692,0.22771189733333333,4391.514065407668,208,250,301631,100.54366666666667,15155200,0,1,0,1,248705,12883120,0,89,0,0,0,0,79139,3052,42699,3053,1,3050,1,179950,0,12492800,85799,3050,0,0,0,0,0,0,0,0,0,0,0,0,0,0,0,0,0,0,0,0,0,0,0,0,0,0,0,0,0,0,0,3000,12288000,TLSv1.3:TLS_AES_256_GCM_SHA384:256=1,TLSv1.3:TLS_AES_256_GCM_SHA384:256=1
3000,1,threaded,https-over-https-proxy,4,ylong_http_client_sync,587.001489,0.195667163,5110.719574341659,177,196,200385,66.795,15994880,0,1,0,1,242499,12883120,0,59,0,0,0,0,77158,3053,41546,3052,1,3050,1,173850,0,12492800,81238,3050,0,0,0,0,0,0,0,0,0,0,0,0,0,0,0,0,0,0,0,0,0,0,0,0,0,0,0,0,0,0,0,3000,12288000,TLSv1.3:TLS_AES_256_GCM_SHA384:256=1,TLSv1.3:TLS_AES_256_GCM_SHA384:256=1
3000,1,threaded,https-over-https-proxy,4,libcurl,508.848543,0.169616181,5895.663928431451,190,234,216771,72.257,15126528,0,1,0,1,248705,12883120,0,89,0,0,0,0,60310,3053,32206,3053,1,3050,1,179950,0,12492800,60724,3050,0,0,0,0,0,0,0,0,0,0,0,0,0,0,0,0,0,0,0,0,0,0,0,0,0,0,0,0,0,0,0,3000,12288000,TLSv1.3:TLS_AES_256_GCM_SHA384:256=1,TLSv1.3:TLS_AES_256_GCM_SHA384:256=1
3000,1,threaded,https-over-https-proxy,5,ylong_http_client_sync,624.676963,0.20822565433333334,4802.482207111582,187,217,213631,71.21033333333334,15982592,0,1,0,1,242499,12883120,0,59,0,0,0,0,79835,3053,43409,3052,1,3050,1,173850,0,12492800,85824,3050,0,0,0,0,0,0,0,0,0,0,0,0,0,0,0,0,0,0,0,0,0,0,0,0,0,0,0,0,0,0,0,3000,12288000,TLSv1.3:TLS_AES_256_GCM_SHA384:256=1,TLSv1.3:TLS_AES_256_GCM_SHA384:256=1
3000,1,threaded,https-over-https-proxy,5,libcurl,678.050692,0.22601689733333336,4424.4479585311,212,245,299893,99.96433333333333,15196160,0,1,0,1,248705,12883120,0,89,0,0,0,0,76570,3052,41449,3053,1,3050,1,179950,0,12492800,84574,3050,0,0,0,0,0,0,0,0,0,0,0,0,0,0,0,0,0,0,0,0,0,0,0,0,0,0,0,0,0,0,0,3000,12288000,TLSv1.3:TLS_AES_256_GCM_SHA384:256=1,TLSv1.3:TLS_AES_256_GCM_SHA384:256=1
200,1,threaded,proxy-mtls-https-origin,1,ylong_http_client_sync,47.933312,0.23966656,4172.463609441384,218,238,16589,82.945,16060416,0,1,0,1,21299,1058720,0,59,0,0,0,0,8008,253,4372,252,1,250,1,14250,0,1024000,8325,250,0,0,0,0,0,0,0,0,0,0,0,0,0,0,0,0,0,0,0,0,0,0,0,0,0,0,0,0,0,0,0,200,819200,TLSv1.3:TLS_AES_256_GCM_SHA384:256=1,TLSv1.3:TLS_AES_256_GCM_SHA384:256=1
200,1,threaded,proxy-mtls-https-origin,1,libcurl,48.584787,0.24292393499999998,4116.514908257188,219,247,21525,107.625,15192064,0,1,0,1,21905,1058720,0,89,0,0,0,0,8062,253,4405,253,1,250,1,14750,0,1024000,8340,250,0,0,0,0,0,0,0,0,0,0,0,0,0,0,0,0,0,0,0,0,0,0,0,0,0,0,0,0,0,0,0,200,819200,TLSv1.3:TLS_AES_256_GCM_SHA384:256=1,TLSv1.3:TLS_AES_256_GCM_SHA384:256=1
200,1,threaded,proxy-mtls-https-origin,2,ylong_http_client_sync,42.571149,0.21285574499999999,4698.017429597684,192,212,14042,70.21,16138240,0,1,0,1,21299,1058720,0,59,0,0,0,0,7663,253,4124,252,1,250,1,14250,0,1024000,7895,250,0,0,0,0,0,0,0,0,0,0,0,0,0,0,0,0,0,0,0,0,0,0,0,0,0,0,0,0,0,0,0,200,819200,TLSv1.3:TLS_AES_256_GCM_SHA384:256=1,TLSv1.3:TLS_AES_256_GCM_SHA384:256=1
200,1,threaded,proxy-mtls-https-origin,2,libcurl,46.533223,0.232666115,4298.004460168168,213,236,20587,102.935,15204352,0,1,0,1,21905,1058720,0,89,0,0,0,0,7472,253,4038,253,1,250,1,14750,0,1024000,7540,250,0,0,0,0,0,0,0,0,0,0,0,0,0,0,0,0,0,0,0,0,0,0,0,0,0,0,0,0,0,0,0,200,819200,TLSv1.3:TLS_AES_256_GCM_SHA384:256=1,TLSv1.3:TLS_AES_256_GCM_SHA384:256=1
200,1,threaded,proxy-mtls-https-origin,3,ylong_http_client_sync,44.562594,0.22281297,4488.069074255417,203,221,15546,77.73,16175104,0,1,0,1,21299,1058720,0,59,0,0,0,0,7493,252,4118,252,1,250,1,14250,0,1024000,8293,250,0,0,0,0,0,0,0,0,0,0,0,0,0,0,0,0,0,0,0,0,0,0,0,0,0,0,0,0,0,0,0,200,819200,TLSv1.3:TLS_AES_256_GCM_SHA384:256=1,TLSv1.3:TLS_AES_256_GCM_SHA384:256=1
200,1,threaded,proxy-mtls-https-origin,3,libcurl,46.554767,0.23277383499999998,4296.015486448467,211,241,20271,101.355,15106048,0,1,0,1,21905,1058720,0,89,0,0,0,0,7702,253,4143,253,1,250,1,14750,0,1024000,8261,250,0,0,0,0,0,0,0,0,0,0,0,0,0,0,0,0,0,0,0,0,0,0,0,0,0,0,0,0,0,0,0,200,819200,TLSv1.3:TLS_AES_256_GCM_SHA384:256=1,TLSv1.3:TLS_AES_256_GCM_SHA384:256=1
200,1,threaded,proxy-mtls-https-origin,4,ylong_http_client_sync,40.713745,0.203568725,4912.345941155744,186,204,13553,67.765,15982592,0,1,0,1,21299,1058720,0,59,0,0,0,0,7448,253,3928,252,1,250,1,14250,0,1024000,7490,250,0,0,0,0,0,0,0,0,0,0,0,0,0,0,0,0,0,0,0,0,0,0,0,0,0,0,0,0,0,0,0,200,819200,TLSv1.3:TLS_AES_256_GCM_SHA384:256=1,TLSv1.3:TLS_AES_256_GCM_SHA384:256=1
200,1,threaded,proxy-mtls-https-origin,4,libcurl,49.21311,0.24606555,4063.9577543463524,217,315,21012,105.06,15261696,0,1,0,1,21905,1058720,0,89,0,0,0,0,7885,253,4162,253,1,250,1,14750,0,1024000,8727,250,0,0,0,0,0,0,0,0,0,0,0,0,0,0,0,0,0,0,0,0,0,0,0,0,0,0,0,0,0,0,0,200,819200,TLSv1.3:TLS_AES_256_GCM_SHA384:256=1,TLSv1.3:TLS_AES_256_GCM_SHA384:256=1
200,1,threaded,proxy-mtls-https-origin,5,ylong_http_client_sync,40.471633,0.20235816499999998,4941.732892270495,184,205,13558,67.79,16068608,0,1,0,1,21299,1058720,0,59,0,0,0,0,7629,253,4066,252,1,250,1,14250,0,1024000,7783,250,0,0,0,0,0,0,0,0,0,0,0,0,0,0,0,0,0,0,0,0,0,0,0,0,0,0,0,0,0,0,0,200,819200,TLSv1.3:TLS_AES_256_GCM_SHA384:256=1,TLSv1.3:TLS_AES_256_GCM_SHA384:256=1
200,1,threaded,proxy-mtls-https-origin,5,libcurl,16.7567,0.0837835,11935.52429774359,74,84,8240,41.2,15253504,0,1,0,1,21905,1058720,0,89,0,0,0,0,1831,252,750,253,1,250,1,14750,0,1024000,4196,250,0,0,0,0,0,0,0,0,0,0,0,0,0,0,0,0,0,0,0,0,0,0,0,0,0,0,0,0,0,0,0,200,819200,TLSv1.3:TLS_AES_256_GCM_SHA384:256=1,TLSv1.3:TLS_AES_256_GCM_SHA384:256=1
1000,1,threaded,proxy-mtls-https-origin,1,ylong_http_client_sync,211.635718,0.211635718,4725.100325456405,189,229,71346,71.346,16080896,0,1,0,1,84499,4437120,0,59,0,0,0,0,28727,1053,15464,1052,1,1050,1,59850,0,4300800,30729,1050,0,0,0,0,0,0,0,0,0,0,0,0,0,0,0,0,0,0,0,0,0,0,0,0,0,0,0,0,0,0,0,1000,4096000,TLSv1.3:TLS_AES_256_GCM_SHA384:256=1,TLSv1.3:TLS_AES_256_GCM_SHA384:256=1
1000,1,threaded,proxy-mtls-https-origin,1,libcurl,227.986816,0.227986816,4386.218543444196,204,236,100347,100.347,15081472,0,1,0,1,86705,4437120,0,89,0,0,0,0,28838,1053,15683,1053,1,1050,1,61950,0,4300800,29851,1050,0,0,0,0,0,0,0,0,0,0,0,0,0,0,0,0,0,0,0,0,0,0,0,0,0,0,0,0,0,0,0,1000,4096000,TLSv1.3:TLS_AES_256_GCM_SHA384:256=1,TLSv1.3:TLS_AES_256_GCM_SHA384:256=1
1000,1,threaded,proxy-mtls-https-origin,2,ylong_http_client_sync,215.145133,0.215145133,4648.025200737402,190,252,73314,73.314,15982592,0,1,0,1,84499,4437120,0,59,0,0,0,0,29336,1053,15906,1052,1,1050,1,59850,0,4300800,30457,1050,0,0,0,0,0,0,0,0,0,0,0,0,0,0,0,0,0,0,0,0,0,0,0,0,0,0,0,0,0,0,0,1000,4096000,TLSv1.3:TLS_AES_256_GCM_SHA384:256=1,TLSv1.3:TLS_AES_256_GCM_SHA384:256=1
1000,1,threaded,proxy-mtls-https-origin,2,libcurl,251.92377,0.25192377,3969.454728309282,224,287,112079,112.079,15208448,0,1,0,1,86705,4437120,0,89,0,0,0,0,29716,1052,16182,1053,1,1050,1,61950,0,4300800,32679,1050,0,0,0,0,0,0,0,0,0,0,0,0,0,0,0,0,0,0,0,0,0,0,0,0,0,0,0,0,0,0,0,1000,4096000,TLSv1.3:TLS_AES_256_GCM_SHA384:256=1,TLSv1.3:TLS_AES_256_GCM_SHA384:256=1
1000,1,threaded,proxy-mtls-https-origin,3,ylong_http_client_sync,175.524655,0.175524655,5697.205329929291,185,205,60384,60.384,15998976,0,1,0,1,84499,4437120,0,59,0,0,0,0,22056,1052,12036,1052,1,1050,1,59850,0,4300800,23874,1050,0,0,0,0,0,0,0,0,0,0,0,0,0,0,0,0,0,0,0,0,0,0,0,0,0,0,0,0,0,0,0,1000,4096000,TLSv1.3:TLS_AES_256_GCM_SHA384:256=1,TLSv1.3:TLS_AES_256_GCM_SHA384:256=1
1000,1,threaded,proxy-mtls-https-origin,3,libcurl,242.347138,0.242347138,4126.312397384285,220,256,107965,107.965,15163392,0,1,0,1,86705,4437120,0,89,0,0,0,0,29186,1053,15793,1053,1,1050,1,61950,0,4300800,32051,1050,0,0,0,0,0,0,0,0,0,0,0,0,0,0,0,0,0,0,0,0,0,0,0,0,0,0,0,0,0,0,0,1000,4096000,TLSv1.3:TLS_AES_256_GCM_SHA384:256=1,TLSv1.3:TLS_AES_256_GCM_SHA384:256=1
1000,1,threaded,proxy-mtls-https-origin,4,ylong_http_client_sync,204.457829,0.204457829,4890.984145195046,186,202,70839,70.839,16130048,0,1,0,1,84499,4437120,0,59,0,0,0,0,26879,1053,14586,1052,1,1050,1,59850,0,4300800,29514,1050,0,0,0,0,0,0,0,0,0,0,0,0,0,0,0,0,0,0,0,0,0,0,0,0,0,0,0,0,0,0,0,1000,4096000,TLSv1.3:TLS_AES_256_GCM_SHA384:256=1,TLSv1.3:TLS_AES_256_GCM_SHA384:256=1
1000,1,threaded,proxy-mtls-https-origin,4,libcurl,181.708685,0.181708685,5503.314274713946,179,226,75148,75.148,15171584,0,1,0,1,86705,4437120,0,89,0,0,0,0,23560,1053,12801,1053,1,1050,1,61950,0,4300800,24945,1050,0,0,0,0,0,0,0,0,0,0,0,0,0,0,0,0,0,0,0,0,0,0,0,0,0,0,0,0,0,0,0,1000,4096000,TLSv1.3:TLS_AES_256_GCM_SHA384:256=1,TLSv1.3:TLS_AES_256_GCM_SHA384:256=1
1000,1,threaded,proxy-mtls-https-origin,5,ylong_http_client_sync,218.712401,0.218712401,4572.214448873432,196,239,75379,75.379,16035840,0,1,0,1,84499,4437120,0,59,0,0,0,0,29122,1052,15860,1052,1,1050,1,59850,0,4300800,31065,1050,0,0,0,0,0,0,0,0,0,0,0,0,0,0,0,0,0,0,0,0,0,0,0,0,0,0,0,0,0,0,0,1000,4096000,TLSv1.3:TLS_AES_256_GCM_SHA384:256=1,TLSv1.3:TLS_AES_256_GCM_SHA384:256=1
1000,1,threaded,proxy-mtls-https-origin,5,libcurl,221.202445,0.22120244500000003,4520.745690672632,202,223,97229,97.229,15101952,0,1,0,1,86705,4437120,0,89,0,0,0,0,28626,1053,15444,1053,1,1050,1,61950,0,4300800,29245,1050,0,0,0,0,0,0,0,0,0,0,0,0,0,0,0,0,0,0,0,0,0,0,0,0,0,0,0,0,0,0,0,1000,4096000,TLSv1.3:TLS_AES_256_GCM_SHA384:256=1,TLSv1.3:TLS_AES_256_GCM_SHA384:256=1
3000,1,threaded,proxy-mtls-https-origin,1,ylong_http_client_sync,584.307316,0.19476910533333333,5134.284507230096,183,205,199115,66.37166666666667,16138240,0,1,0,1,242499,12883120,0,59,0,0,0,0,74881,3052,40737,3052,1,3050,1,173850,0,12492800,79883,3050,0,0,0,0,0,0,0,0,0,0,0,0,0,0,0,0,0,0,0,0,0,0,0,0,0,0,0,0,0,0,0,3000,12288000,TLSv1.3:TLS_AES_256_GCM_SHA384:256=1,TLSv1.3:TLS_AES_256_GCM_SHA384:256=1
3000,1,threaded,proxy-mtls-https-origin,1,libcurl,666.552275,0.22218409166666667,4500.772276262953,210,239,292990,97.66333333333333,15147008,0,1,0,1,248705,12883120,0,89,0,0,0,0,75641,3052,41226,3053,1,3050,1,179950,0,12492800,82128,3050,0,0,0,0,0,0,0,0,0,0,0,0,0,0,0,0,0,0,0,0,0,0,0,0,0,0,0,0,0,0,0,3000,12288000,TLSv1.3:TLS_AES_256_GCM_SHA384:256=1,TLSv1.3:TLS_AES_256_GCM_SHA384:256=1
3000,1,threaded,proxy-mtls-https-origin,2,ylong_http_client_sync,626.387023,0.20879567433333332,4789.371251070761,189,216,214338,71.446,16015360,0,1,0,1,242499,12883120,0,59,0,0,0,0,80057,3053,43756,3052,1,3050,1,173850,0,12492800,85695,3050,0,0,0,0,0,0,0,0,0,0,0,0,0,0,0,0,0,0,0,0,0,0,0,0,0,0,0,0,0,0,0,3000,12288000,TLSv1.3:TLS_AES_256_GCM_SHA384:256=1,TLSv1.3:TLS_AES_256_GCM_SHA384:256=1
3000,1,threaded,proxy-mtls-https-origin,2,libcurl,670.841018,0.22361367266666665,4471.998460893159,210,259,297416,99.13866666666667,15118336,0,1,0,1,248705,12883120,0,89,0,0,0,0,76706,3052,41346,3053,1,3050,1,179950,0,12492800,80670,3050,0,0,0,0,0,0,0,0,0,0,0,0,0,0,0,0,0,0,0,0,0,0,0,0,0,0,0,0,0,0,0,3000,12288000,TLSv1.3:TLS_AES_256_GCM_SHA384:256=1,TLSv1.3:TLS_AES_256_GCM_SHA384:256=1
3000,1,threaded,proxy-mtls-https-origin,3,ylong_http_client_sync,624.749596,0.20824986533333334,4801.923873512997,186,229,211026,70.342,16052224,0,1,0,1,242499,12883120,0,59,0,0,0,0,80631,3053,43931,3052,1,3050,1,173850,0,12492800,86068,3050,0,0,0,0,0,0,0,0,0,0,0,0,0,0,0,0,0,0,0,0,0,0,0,0,0,0,0,0,0,0,0,3000,12288000,TLSv1.3:TLS_AES_256_GCM_SHA384:256=1,TLSv1.3:TLS_AES_256_GCM_SHA384:256=1
3000,1,threaded,proxy-mtls-https-origin,3,libcurl,558.545165,0.18618172166666666,5371.096534333084,197,260,247048,82.34933333333333,15114240,0,1,0,1,248705,12883120,0,89,0,0,0,0,65417,3053,34754,3053,1,3050,1,179950,0,12492800,66406,3050,0,0,0,0,0,0,0,0,0,0,0,0,0,0,0,0,0,0,0,0,0,0,0,0,0,0,0,0,0,0,0,3000,12288000,TLSv1.3:TLS_AES_256_GCM_SHA384:256=1,TLSv1.3:TLS_AES_256_GCM_SHA384:256=1
3000,1,threaded,proxy-mtls-https-origin,4,ylong_http_client_sync,458.579944,0.15285998133333334,6541.934594505511,148,230,153248,51.08266666666667,16109568,0,1,0,1,242499,12883120,0,59,0,0,0,0,61732,3053,32978,3052,1,3050,1,173850,0,12492800,62291,3050,0,0,0,0,0,0,0,0,0,0,0,0,0,0,0,0,0,0,0,0,0,0,0,0,0,0,0,0,0,0,0,3000,12288000,TLSv1.3:TLS_AES_256_GCM_SHA384:256=1,TLSv1.3:TLS_AES_256_GCM_SHA384:256=1
3000,1,threaded,proxy-mtls-https-origin,4,libcurl,669.201385,0.2230671283333333,4482.955455927517,211,226,296263,98.75433333333334,15163392,0,1,0,1,248705,12883120,0,89,0,0,0,0,74411,3053,40259,3053,1,3050,1,179950,0,12492800,82662,3050,0,0,0,0,0,0,0,0,0,0,0,0,0,0,0,0,0,0,0,0,0,0,0,0,0,0,0,0,0,0,0,3000,12288000,TLSv1.3:TLS_AES_256_GCM_SHA384:256=1,TLSv1.3:TLS_AES_256_GCM_SHA384:256=1
3000,1,threaded,proxy-mtls-https-origin,5,ylong_http_client_sync,429.912205,0.1433040683333333,6978.168949634728,166,189,141939,47.313,16134144,0,1,0,1,242499,12883120,0,59,0,0,0,0,60453,3053,31993,3052,1,3050,1,173850,0,12492800,55587,3050,0,0,0,0,0,0,0,0,0,0,0,0,0,0,0,0,0,0,0,0,0,0,0,0,0,0,0,0,0,0,0,3000,12288000,TLSv1.3:TLS_AES_256_GCM_SHA384:256=1,TLSv1.3:TLS_AES_256_GCM_SHA384:256=1
3000,1,threaded,proxy-mtls-https-origin,5,libcurl,697.767243,0.232589081,4299.427968417829,213,236,307492,102.49733333333333,15220736,0,1,0,1,248705,12883120,0,89,0,0,0,0,80129,3053,43463,3053,1,3050,1,179950,0,12492800,87395,3050,0,0,0,0,0,0,0,0,0,0,0,0,0,0,0,0,0,0,0,0,0,0,0,0,0,0,0,0,0,0,0,3000,12288000,TLSv1.3:TLS_AES_256_GCM_SHA384:256=1,TLSv1.3:TLS_AES_256_GCM_SHA384:256=1
