requests,concurrency,ylong_concurrency_model,scenario,repeat,client,fixture_kind,elapsed_ms,latency_ms,throughput_rps,client_order_policy,client_order_seed,client_order_position,p50_us,p95_us,cpu_us,cpu_us_per_request,rss_peak_bytes,errors,proxy_connections,proxy_forward_requests,proxy_connect_requests,proxy_tunnel_bytes_from_client,proxy_tunnel_bytes_from_origin,proxy_tls_client_auth_failures,proxy_request_header_bytes,proxy_request_body_bytes,proxy_response_body_bytes,proxy_response_send_us,proxy_response_send_events,proxy_tunnel_send_to_client_us,proxy_tunnel_send_to_client_events,proxy_tunnel_send_to_origin_us,proxy_tunnel_send_to_origin_events,proxy_tunnel_poll_calls,proxy_tunnel_poll_timeouts,proxy_tunnel_client_read_would_block,proxy_tunnel_origin_read_would_block,proxy_tunnel_send_to_client_would_block,proxy_tunnel_send_to_origin_would_block,proxy_tunnel_client_to_origin_queue_bytes_max,proxy_tunnel_origin_to_client_queue_bytes_max,origin_connections,origin_requests,origin_tls_connections,origin_request_header_bytes,origin_request_body_bytes,origin_response_body_bytes,origin_response_send_us,origin_response_send_events,phase_request_build_us,phase_request_execute_us,phase_body_drain_us,phase_connect_us,phase_dns_us,phase_tcp_us,phase_tls_us,phase_transfer_us,phase_request_format_us,phase_pool_checkout_us,phase_send_on_conn_us,phase_http1_write_us,phase_http1_encode_us,phase_http1_write_io_us,phase_response_head_us,phase_response_read_us,phase_response_read_polls,phase_response_read_pending,phase_response_pre_read_bytes,phase_response_pre_read_events,phase_response_intercept_us,phase_response_decode_us,phase_libcurl_perform_us,tls_ssl_read_calls,tls_ssl_read_pending,tls_ssl_write_calls,tls_ssl_write_pending,tls_underlying_read_calls,tls_underlying_read_pending,tls_underlying_write_calls,tls_underlying_write_pending,body_chunks,body_bytes,proxy_tls_fingerprints,origin_tls_fingerprints
200,1,threaded,http-over-https-proxy,1,ylong_http_client_sync,rust,16.471391,0.08235695500000001,12142.265337517638,interleaved,20260707,1,68,73,11232,56.16,15855616,0,1,250,0,0,0,0,19750,0,1024000,4898,250,0,0,0,0,0,0,0,0,0,0,0,0,0,0,0,0,0,0,0,0,0,0,0,0,0,0,0,0,0,0,0,0,0,0,0,0,0,0,0,0,0,0,0,0,0,0,0,0,0,0,0,200,819200,-,-
200,1,threaded,http-over-https-proxy,1,libcurl,rust,22.177935,0.11088967500000001,9017.972142131355,interleaved,20260707,2,95,101,17928,89.64,14905344,0,1,250,0,0,0,0,27750,0,1024000,5301,250,0,0,0,0,0,0,0,0,0,0,0,0,0,0,0,0,0,0,0,0,0,0,0,0,0,0,0,0,0,0,0,0,0,0,0,0,0,0,0,0,0,0,0,0,0,0,0,0,0,0,0,200,819200,-,-
200,1,threaded,http-over-https-proxy,2,libcurl,rust,22.057005,0.110285025,9067.41418429202,interleaved,20260707,1,94,102,17836,89.18,14995456,0,1,250,0,0,0,0,27750,0,1024000,5338,250,0,0,0,0,0,0,0,0,0,0,0,0,0,0,0,0,0,0,0,0,0,0,0,0,0,0,0,0,0,0,0,0,0,0,0,0,0,0,0,0,0,0,0,0,0,0,0,0,0,0,0,200,819200,-,-
200,1,threaded,http-over-https-proxy,2,ylong_http_client_sync,rust,9.000325,0.045001625,22221.419782063425,interleaved,20260707,2,37,41,6006,30.03,15904768,0,1,250,0,0,0,0,19750,0,1024000,2586,250,0,0,0,0,0,0,0,0,0,0,0,0,0,0,0,0,0,0,0,0,0,0,0,0,0,0,0,0,0,0,0,0,0,0,0,0,0,0,0,0,0,0,0,0,0,0,0,0,0,0,0,200,819200,-,-
200,1,threaded,http-over-https-proxy,3,ylong_http_client_sync,rust,9.102426,0.04551213,21972.16434387931,interleaved,20260707,1,37,42,6132,30.66,15945728,0,1,250,0,0,0,0,19750,0,1024000,2669,250,0,0,0,0,0,0,0,0,0,0,0,0,0,0,0,0,0,0,0,0,0,0,0,0,0,0,0,0,0,0,0,0,0,0,0,0,0,0,0,0,0,0,0,0,0,0,0,0,0,0,0,200,819200,-,-
200,1,threaded,http-over-https-proxy,3,libcurl,rust,22.84441,0.11422205,8754.877013676432,interleaved,20260707,2,95,108,18191,90.955,14987264,0,1,250,0,0,0,0,27750,0,1024000,5302,250,0,0,0,0,0,0,0,0,0,0,0,0,0,0,0,0,0,0,0,0,0,0,0,0,0,0,0,0,0,0,0,0,0,0,0,0,0,0,0,0,0,0,0,0,0,0,0,0,0,0,0,200,819200,-,-
200,1,threaded,http-over-https-proxy,4,libcurl,rust,23.161503,0.115807515,8635.018202402494,interleaved,20260707,1,98,107,18332,91.66,15044608,0,1,250,0,0,0,0,27750,0,1024000,5378,250,0,0,0,0,0,0,0,0,0,0,0,0,0,0,0,0,0,0,0,0,0,0,0,0,0,0,0,0,0,0,0,0,0,0,0,0,0,0,0,0,0,0,0,0,0,0,0,0,0,0,0,200,819200,-,-
200,1,threaded,http-over-https-proxy,4,ylong_http_client_sync,rust,9.012967,0.045064835,22190.251001695666,interleaved,20260707,2,37,39,6092,30.46,15839232,0,1,250,0,0,0,0,19750,0,1024000,2618,250,0,0,0,0,0,0,0,0,0,0,0,0,0,0,0,0,0,0,0,0,0,0,0,0,0,0,0,0,0,0,0,0,0,0,0,0,0,0,0,0,0,0,0,0,0,0,0,0,0,0,0,200,819200,-,-
200,1,threaded,http-over-https-proxy,5,ylong_http_client_sync,rust,8.965945,0.044829725,22306.62802415139,interleaved,20260707,1,37,39,6053,30.265,15884288,0,1,250,0,0,0,0,19750,0,1024000,2607,250,0,0,0,0,0,0,0,0,0,0,0,0,0,0,0,0,0,0,0,0,0,0,0,0,0,0,0,0,0,0,0,0,0,0,0,0,0,0,0,0,0,0,0,0,0,0,0,0,0,0,0,200,819200,-,-
200,1,threaded,http-over-https-proxy,5,libcurl,rust,22.101096,0.11050547999999999,9049.324974652842,interleaved,20260707,2,94,103,17836,89.18,15069184,0,1,250,0,0,0,0,27750,0,1024000,5189,250,0,0,0,0,0,0,0,0,0,0,0,0,0,0,0,0,0,0,0,0,0,0,0,0,0,0,0,0,0,0,0,0,0,0,0,0,0,0,0,0,0,0,0,0,0,0,0,0,0,0,0,200,819200,-,-
1000,1,threaded,http-over-https-proxy,1,ylong_http_client_sync,rust,86.868769,0.086868769,11511.617023144418,interleaved,20260707,1,71,77,58102,58.102,15970304,0,1,1050,0,0,0,0,82950,0,4300800,21590,1050,0,0,0,0,0,0,0,0,0,0,0,0,0,0,0,0,0,0,0,0,0,0,0,0,0,0,0,0,0,0,0,0,0,0,0,0,0,0,0,0,0,0,0,0,0,0,0,0,0,0,0,1000,4096000,-,-
1000,1,threaded,http-over-https-proxy,1,libcurl,rust,110.926261,0.110926261,9014.997810121808,interleaved,20260707,2,94,102,89774,89.774,15036416,0,1,1050,0,0,0,0,116550,0,4300800,21710,1050,0,0,0,0,0,0,0,0,0,0,0,0,0,0,0,0,0,0,0,0,0,0,0,0,0,0,0,0,0,0,0,0,0,0,0,0,0,0,0,0,0,0,0,0,0,0,0,0,0,0,0,1000,4096000,-,-
1000,1,threaded,http-over-https-proxy,2,libcurl,rust,114.489417,0.11448941700000001,8734.431759749461,interleaved,20260707,1,97,107,92068,92.068,15011840,0,1,1050,0,0,0,0,116550,0,4300800,22295,1050,0,0,0,0,0,0,0,0,0,0,0,0,0,0,0,0,0,0,0,0,0,0,0,0,0,0,0,0,0,0,0,0,0,0,0,0,0,0,0,0,0,0,0,0,0,0,0,0,0,0,0,1000,4096000,-,-
1000,1,threaded,http-over-https-proxy,2,ylong_http_client_sync,rust,45.793413,0.045793413,21837.20178271054,interleaved,20260707,2,37,41,30679,30.679,15945728,0,1,1050,0,0,0,0,82950,0,4300800,11005,1050,0,0,0,0,0,0,0,0,0,0,0,0,0,0,0,0,0,0,0,0,0,0,0,0,0,0,0,0,0,0,0,0,0,0,0,0,0,0,0,0,0,0,0,0,0,0,0,0,0,0,0,1000,4096000,-,-
1000,1,threaded,http-over-https-proxy,3,ylong_http_client_sync,rust,44.827828,0.044827828,22307.571984080958,interleaved,20260707,1,37,39,30209,30.209,15814656,0,1,1050,0,0,0,0,82950,0,4300800,10894,1050,0,0,0,0,0,0,0,0,0,0,0,0,0,0,0,0,0,0,0,0,0,0,0,0,0,0,0,0,0,0,0,0,0,0,0,0,0,0,0,0,0,0,0,0,0,0,0,0,0,0,0,1000,4096000,-,-
1000,1,threaded,http-over-https-proxy,3,libcurl,rust,110.087533,0.11008753299999999,9083.6807106941,interleaved,20260707,2,95,102,89504,89.504,15007744,0,1,1050,0,0,0,0,116550,0,4300800,21272,1050,0,0,0,0,0,0,0,0,0,0,0,0,0,0,0,0,0,0,0,0,0,0,0,0,0,0,0,0,0,0,0,0,0,0,0,0,0,0,0,0,0,0,0,0,0,0,0,0,0,0,0,1000,4096000,-,-
1000,1,threaded,http-over-https-proxy,4,libcurl,rust,112.164954,0.112164954,8915.440735615155,interleaved,20260707,1,94,103,90559,90.559,14970880,0,1,1050,0,0,0,0,116550,0,4300800,21669,1050,0,0,0,0,0,0,0,0,0,0,0,0,0,0,0,0,0,0,0,0,0,0,0,0,0,0,0,0,0,0,0,0,0,0,0,0,0,0,0,0,0,0,0,0,0,0,0,0,0,0,0,1000,4096000,-,-
1000,1,threaded,http-over-https-proxy,4,ylong_http_client_sync,rust,51.961266,0.051961266,19245.104613117008,interleaved,20260707,2,37,66,34525,34.525,15908864,0,1,1050,0,0,0,0,82950,0,4300800,12380,1050,0,0,0,0,0,0,0,0,0,0,0,0,0,0,0,0,0,0,0,0,0,0,0,0,0,0,0,0,0,0,0,0,0,0,0,0,0,0,0,0,0,0,0,0,0,0,0,0,0,0,0,1000,4096000,-,-
1000,1,threaded,http-over-https-proxy,5,ylong_http_client_sync,rust,55.026927,0.055026927,18172.921050088804,interleaved,20260707,1,37,67,37226,37.226,15970304,0,1,1050,0,0,0,0,82950,0,4300800,13329,1050,0,0,0,0,0,0,0,0,0,0,0,0,0,0,0,0,0,0,0,0,0,0,0,0,0,0,0,0,0,0,0,0,0,0,0,0,0,0,0,0,0,0,0,0,0,0,0,0,0,0,0,1000,4096000,-,-
1000,1,threaded,http-over-https-proxy,5,libcurl,rust,111.247553,0.111247553,8988.961761702749,interleaved,20260707,2,95,102,90343,90.343,14925824,0,1,1050,0,0,0,0,116550,0,4300800,21660,1050,0,0,0,0,0,0,0,0,0,0,0,0,0,0,0,0,0,0,0,0,0,0,0,0,0,0,0,0,0,0,0,0,0,0,0,0,0,0,0,0,0,0,0,0,0,0,0,0,0,0,0,1000,4096000,-,-
3000,1,threaded,http-over-https-proxy,1,ylong_http_client_sync,rust,219.028403,0.07300946766666666,13696.853736362218,interleaved,20260707,1,64,69,148158,49.386,15958016,0,1,3050,0,0,0,0,240950,0,12492800,52095,3050,0,0,0,0,0,0,0,0,0,0,0,0,0,0,0,0,0,0,0,0,0,0,0,0,0,0,0,0,0,0,0,0,0,0,0,0,0,0,0,0,0,0,0,0,0,0,0,0,0,0,0,3000,12288000,-,-
3000,1,threaded,http-over-https-proxy,1,libcurl,rust,197.443816,0.06581460533333333,15194.195800996877,interleaved,20260707,2,49,97,148951,49.650333333333336,15024128,0,1,3050,0,0,0,0,338550,0,12492800,41350,3050,0,0,0,0,0,0,0,0,0,0,0,0,0,0,0,0,0,0,0,0,0,0,0,0,0,0,0,0,0,0,0,0,0,0,0,0,0,0,0,0,0,0,0,0,0,0,0,0,0,0,0,3000,12288000,-,-
3000,1,threaded,http-over-https-proxy,2,libcurl,rust,328.483617,0.10949453899999999,9132.875567428984,interleaved,20260707,1,94,101,266930,88.97666666666667,14995456,0,1,3050,0,0,0,0,338550,0,12492800,61512,3050,0,0,0,0,0,0,0,0,0,0,0,0,0,0,0,0,0,0,0,0,0,0,0,0,0,0,0,0,0,0,0,0,0,0,0,0,0,0,0,0,0,0,0,0,0,0,0,0,0,0,0,3000,12288000,-,-
3000,1,threaded,http-over-https-proxy,2,ylong_http_client_sync,rust,240.495356,0.08016511866666666,12474.253348991904,interleaved,20260707,2,66,74,162335,54.111666666666665,15994880,0,1,3050,0,0,0,0,240950,0,12492800,58452,3050,0,0,0,0,0,0,0,0,0,0,0,0,0,0,0,0,0,0,0,0,0,0,0,0,0,0,0,0,0,0,0,0,0,0,0,0,0,0,0,0,0,0,0,0,0,0,0,0,0,0,0,3000,12288000,-,-
3000,1,threaded,http-over-https-proxy,3,ylong_http_client_sync,rust,227.713933,0.07590464433333333,13174.4244213638,interleaved,20260707,1,67,86,153397,51.132333333333335,15917056,0,1,3050,0,0,0,0,240950,0,12492800,54355,3050,0,0,0,0,0,0,0,0,0,0,0,0,0,0,0,0,0,0,0,0,0,0,0,0,0,0,0,0,0,0,0,0,0,0,0,0,0,0,0,0,0,0,0,0,0,0,0,0,0,0,0,3000,12288000,-,-
3000,1,threaded,http-over-https-proxy,3,libcurl,rust,330.065023,0.11002167433333333,9089.118176572136,interleaved,20260707,2,94,102,265388,88.46266666666666,15065088,0,1,3050,0,0,0,0,338550,0,12492800,62227,3050,0,0,0,0,0,0,0,0,0,0,0,0,0,0,0,0,0,0,0,0,0,0,0,0,0,0,0,0,0,0,0,0,0,0,0,0,0,0,0,0,0,0,0,0,0,0,0,0,0,0,0,3000,12288000,-,-
3000,1,threaded,http-over-https-proxy,4,libcurl,rust,323.857754,0.10795258466666667,9263.326145342193,interleaved,20260707,1,92,100,261882,87.294,15024128,0,1,3050,0,0,0,0,338550,0,12492800,61100,3050,0,0,0,0,0,0,0,0,0,0,0,0,0,0,0,0,0,0,0,0,0,0,0,0,0,0,0,0,0,0,0,0,0,0,0,0,0,0,0,0,0,0,0,0,0,0,0,0,0,0,0,3000,12288000,-,-
3000,1,threaded,http-over-https-proxy,4,ylong_http_client_sync,rust,134.39685,0.04479895,22321.951742172525,interleaved,20260707,2,37,39,90145,30.048333333333332,16011264,0,1,3050,0,0,0,0,240950,0,12492800,31364,3050,0,0,0,0,0,0,0,0,0,0,0,0,0,0,0,0,0,0,0,0,0,0,0,0,0,0,0,0,0,0,0,0,0,0,0,0,0,0,0,0,0,0,0,0,0,0,0,0,0,0,0,3000,12288000,-,-
3000,1,threaded,http-over-https-proxy,5,ylong_http_client_sync,rust,190.285067,0.06342835566666667,15765.819395591352,interleaved,20260707,1,64,68,127854,42.618,15925248,0,1,3050,0,0,0,0,240950,0,12492800,45016,3050,0,0,0,0,0,0,0,0,0,0,0,0,0,0,0,0,0,0,0,0,0,0,0,0,0,0,0,0,0,0,0,0,0,0,0,0,0,0,0,0,0,0,0,0,0,0,0,0,0,0,0,3000,12288000,-,-
3000,1,threaded,http-over-https-proxy,5,libcurl,rust,202.474952,0.06749165066666667,14816.647542655053,interleaved,20260707,2,37,99,165351,55.117,15044608,0,1,3050,0,0,0,0,338550,0,12492800,32559,3050,0,0,0,0,0,0,0,0,0,0,0,0,0,0,0,0,0,0,0,0,0,0,0,0,0,0,0,0,0,0,0,0,0,0,0,0,0,0,0,0,0,0,0,0,0,0,0,0,0,0,0,3000,12288000,-,-
200,1,threaded,https-over-https-proxy,1,ylong_http_client_sync,rust,22.773435,0.113867175,8782.16219907098,interleaved,20260707,1,116,124,11217,56.085,16097280,0,1,0,1,21054,1056933,0,59,0,0,0,0,8112,502,1741,265,1272,0,0,0,0,0,1469,4222,1,250,1,14250,0,1024000,3886,250,0,0,0,0,0,0,0,0,0,0,0,0,0,0,0,0,0,0,0,0,0,0,0,0,0,0,0,0,0,0,0,200,819200,-,-
200,1,threaded,https-over-https-proxy,1,libcurl,rust,36.391204,0.18195602,5495.833553624661,interleaved,20260707,2,167,182,21711,108.555,15085568,0,1,0,1,21659,1056786,0,89,0,0,0,0,10888,502,2539,265,1273,0,0,0,0,0,1551,4222,1,250,1,14750,0,1024000,5543,250,0,0,0,0,0,0,0,0,0,0,0,0,0,0,0,0,0,0,0,0,0,0,0,0,0,0,0,0,0,0,0,200,819200,-,-
200,1,threaded,https-over-https-proxy,2,libcurl,rust,27.762896,0.13881448000000002,7203.8594244635,interleaved,20260707,1,128,175,16359,81.795,15101952,0,1,0,1,21659,1056786,0,89,0,0,0,0,8792,502,1991,265,1273,0,0,0,0,0,1551,4222,1,250,1,14750,0,1024000,4341,250,0,0,0,0,0,0,0,0,0,0,0,0,0,0,0,0,0,0,0,0,0,0,0,0,0,0,0,0,0,0,0,200,819200,-,-
200,1,threaded,https-over-https-proxy,2,ylong_http_client_sync,rust,15.884165,0.079420825,12591.156034956828,interleaved,20260707,2,71,77,7821,39.105,16105472,0,1,0,1,21054,1056933,0,59,0,0,0,0,5307,502,1125,265,1272,0,0,0,0,0,1469,4222,1,250,1,14250,0,1024000,2644,250,0,0,0,0,0,0,0,0,0,0,0,0,0,0,0,0,0,0,0,0,0,0,0,0,0,0,0,0,0,0,0,200,819200,-,-
200,1,threaded,https-over-https-proxy,3,ylong_http_client_sync,rust,20.392202,0.10196101,9807.670598790655,interleaved,20260707,1,72,150,9916,49.58,15966208,0,1,0,1,21054,1056933,0,59,0,0,0,0,6529,502,1412,265,1272,0,0,0,0,0,1469,4222,1,250,1,14250,0,1024000,3160,250,0,0,0,0,0,0,0,0,0,0,0,0,0,0,0,0,0,0,0,0,0,0,0,0,0,0,0,0,0,0,0,200,819200,-,-
200,1,threaded,https-over-https-proxy,3,libcurl,rust,26.758535,0.133792675,7474.250739063256,interleaved,20260707,2,91,187,15754,78.77,15028224,0,1,0,1,21659,1056786,0,89,0,0,0,0,8416,502,1856,265,1273,0,0,0,0,0,1551,4222,1,250,1,14750,0,1024000,4480,250,0,0,0,0,0,0,0,0,0,0,0,0,0,0,0,0,0,0,0,0,0,0,0,0,0,0,0,0,0,0,0,200,819200,-,-
200,1,threaded,https-over-https-proxy,4,libcurl,rust,41.620336,0.20810168,4805.3432341343905,interleaved,20260707,1,195,211,24775,123.875,15069184,0,1,0,1,21659,1056786,0,89,0,0,0,0,11997,502,2699,265,1273,0,0,0,0,0,1551,4222,1,250,1,14750,0,1024000,6128,250,0,0,0,0,0,0,0,0,0,0,0,0,0,0,0,0,0,0,0,0,0,0,0,0,0,0,0,0,0,0,0,200,819200,-,-
200,1,threaded,https-over-https-proxy,4,ylong_http_client_sync,rust,18.085317,0.090426585,11058.694741153831,interleaved,20260707,2,75,84,8423,42.115,15962112,0,1,0,1,21054,1056933,0,59,0,0,0,0,5489,502,1162,265,1272,0,0,0,0,0,1469,4222,1,250,1,14250,0,1024000,2820,250,0,0,0,0,0,0,0,0,0,0,0,0,0,0,0,0,0,0,0,0,0,0,0,0,0,0,0,0,0,0,0,200,819200,-,-
200,1,threaded,https-over-https-proxy,5,ylong_http_client_sync,rust,16.782751,0.083913755,11916.997398102372,interleaved,20260707,1,75,79,8162,40.81,15908864,0,1,0,1,21054,1056933,0,59,0,0,0,0,5810,502,1198,265,1272,0,0,0,0,0,1469,4222,1,250,1,14250,0,1024000,3094,250,0,0,0,0,0,0,0,0,0,0,0,0,0,0,0,0,0,0,0,0,0,0,0,0,0,0,0,0,0,0,0,200,819200,-,-
200,1,threaded,https-over-https-proxy,5,libcurl,rust,36.072588,0.18036294000000003,5544.3762449203805,interleaved,20260707,2,168,182,21592,107.96,15073280,0,1,0,1,21659,1056786,0,89,0,0,0,0,10770,502,2414,265,1273,0,0,0,0,0,1551,4222,1,250,1,14750,0,1024000,5375,250,0,0,0,0,0,0,0,0,0,0,0,0,0,0,0,0,0,0,0,0,0,0,0,0,0,0,0,0,0,0,0,200,819200,-,-
1000,1,threaded,https-over-https-proxy,1,ylong_http_client_sync,rust,90.83153,0.09083153000000001,11009.392883726608,interleaved,20260707,1,76,142,43613,43.613,16011264,0,1,0,1,83454,4434533,0,59,0,0,0,0,24321,2102,5002,1107,5314,0,0,0,0,0,1469,4222,1,1050,1,59850,0,4300800,12459,1050,0,0,0,0,0,0,0,0,0,0,0,0,0,0,0,0,0,0,0,0,0,0,0,0,0,0,0,0,0,0,0,1000,4096000,-,-
1000,1,threaded,https-over-https-proxy,1,libcurl,rust,78.840875,0.07884087499999999,12683.77602354109,interleaved,20260707,2,58,167,36580,36.58,15020032,0,1,0,1,85659,4434386,0,89,0,0,0,0,26099,2102,5454,1107,5315,0,0,0,0,0,1551,4222,1,1050,1,61950,0,4300800,7049,1050,0,0,0,0,0,0,0,0,0,0,0,0,0,0,0,0,0,0,0,0,0,0,0,0,0,0,0,0,0,0,0,1000,4096000,-,-
1000,1,threaded,https-over-https-proxy,2,libcurl,rust,100.213679,0.100213679,9978.677661359983,interleaved,20260707,1,88,94,58744,58.744,15134720,0,1,0,1,85659,4434386,0,89,0,0,0,0,24107,2102,4935,1107,5315,0,0,0,0,0,1551,4222,1,1050,1,61950,0,4300800,13271,1050,0,0,0,0,0,0,0,0,0,0,0,0,0,0,0,0,0,0,0,0,0,0,0,0,0,0,0,0,0,0,0,1000,4096000,-,-
1000,1,threaded,https-over-https-proxy,2,ylong_http_client_sync,rust,84.958541,0.084958541,11770.446952472972,interleaved,20260707,2,75,81,41119,41.119,16027648,0,1,0,1,83454,4434533,0,59,0,0,0,0,22615,2102,4592,1107,5314,0,0,0,0,0,1469,4222,1,1050,1,59850,0,4300800,11636,1050,0,0,0,0,0,0,0,0,0,0,0,0,0,0,0,0,0,0,0,0,0,0,0,0,0,0,0,0,0,0,0,1000,4096000,-,-
1000,1,threaded,https-over-https-proxy,3,ylong_http_client_sync,rust,153.97912,0.15397912,6494.387031176695,interleaved,20260707,1,138,151,74930,74.93,15990784,0,1,0,1,83454,4434533,0,59,0,0,0,0,42648,2102,9463,1107,5314,0,0,0,0,0,1469,4222,1,1050,1,59850,0,4300800,21291,1050,0,0,0,0,0,0,0,0,0,0,0,0,0,0,0,0,0,0,0,0,0,0,0,0,0,0,0,0,0,0,0,1000,4096000,-,-
1000,1,threaded,https-over-https-proxy,3,libcurl,rust,154.268899,0.15426889900000001,6482.1879619429965,interleaved,20260707,2,142,208,88971,88.971,14999552,0,1,0,1,85659,4434386,0,89,0,0,0,0,38682,2102,8414,1107,5315,0,0,0,0,0,1551,4222,1,1050,1,61950,0,4300800,18157,1050,0,0,0,0,0,0,0,0,0,0,0,0,0,0,0,0,0,0,0,0,0,0,0,0,0,0,0,0,0,0,0,1000,4096000,-,-
1000,1,threaded,https-over-https-proxy,4,libcurl,rust,105.635784,0.105635784,9466.48912076991,interleaved,20260707,1,88,174,61511,61.511,15216640,0,1,0,1,85659,4434386,0,89,0,0,0,0,25465,2102,5299,1107,5315,0,0,0,0,0,1551,4222,1,1050,1,61950,0,4300800,14139,1050,0,0,0,0,0,0,0,0,0,0,0,0,0,0,0,0,0,0,0,0,0,0,0,0,0,0,0,0,0,0,0,1000,4096000,-,-
1000,1,threaded,https-over-https-proxy,4,ylong_http_client_sync,rust,82.731707,0.082731707,12087.264197268407,interleaved,20260707,2,75,79,40383,40.383,16003072,0,1,0,1,83454,4434533,0,59,0,0,0,0,21967,2102,4476,1107,5314,0,0,0,0,0,1469,4222,1,1050,1,59850,0,4300800,11425,1050,0,0,0,0,0,0,0,0,0,0,0,0,0,0,0,0,0,0,0,0,0,0,0,0,0,0,0,0,0,0,0,1000,4096000,-,-
1000,1,threaded,https-over-https-proxy,5,ylong_http_client_sync,rust,83.832922,0.08383292199999999,11928.487951308676,interleaved,20260707,1,75,79,40632,40.632,16007168,0,1,0,1,83454,4434533,0,59,0,0,0,0,22000,2102,4539,1107,5314,0,0,0,0,0,1469,4222,1,1050,1,59850,0,4300800,11581,1050,0,0,0,0,0,0,0,0,0,0,0,0,0,0,0,0,0,0,0,0,0,0,0,0,0,0,0,0,0,0,0,1000,4096000,-,-
1000,1,threaded,https-over-https-proxy,5,libcurl,rust,180.896965,0.180896965,5528.008720323196,interleaved,20260707,2,166,177,107819,107.819,15093760,0,1,0,1,85659,4434386,0,89,0,0,0,0,44129,2102,9723,1107,5315,0,0,0,0,0,1551,4222,1,1050,1,61950,0,4300800,21748,1050,0,0,0,0,0,0,0,0,0,0,0,0,0,0,0,0,0,0,0,0,0,0,0,0,0,0,0,0,0,0,0,1000,4096000,-,-
3000,1,threaded,https-over-https-proxy,1,ylong_http_client_sync,rust,493.907595,0.164635865,6074.010665901988,interleaved,20260707,1,146,170,242557,80.85233333333333,15937536,0,1,0,1,239454,12878533,0,59,0,0,0,0,134410,6102,29212,3214,15421,0,0,0,0,0,1469,4222,1,3050,1,173850,0,12492800,67281,3050,0,0,0,0,0,0,0,0,0,0,0,0,0,0,0,0,0,0,0,0,0,0,0,0,0,0,0,0,0,0,0,3000,12288000,-,-
3000,1,threaded,https-over-https-proxy,1,libcurl,rust,386.597094,0.128865698,7760.0169441521975,interleaved,20260707,2,112,142,302838,100.946,15056896,0,1,0,1,245659,12878386,0,89,0,0,0,0,34246,6102,9432,3208,15416,0,0,0,0,0,1551,4222,1,3050,1,179950,0,12492800,32884,3050,0,0,0,0,0,0,0,0,0,0,0,0,0,0,0,0,0,0,0,0,0,0,0,0,0,0,0,0,0,0,0,3000,12288000,-,-
3000,1,threaded,https-over-https-proxy,2,libcurl,rust,565.375525,0.18845850833333336,5306.207763415298,interleaved,20260707,1,171,184,327665,109.22166666666666,15192064,0,1,0,1,245659,12878386,0,89,0,0,0,0,131763,6102,29204,3208,15416,0,0,0,0,0,1551,4222,1,3050,1,179950,0,12492800,69491,3050,0,0,0,0,0,0,0,0,0,0,0,0,0,0,0,0,0,0,0,0,0,0,0,0,0,0,0,0,0,0,0,3000,12288000,-,-
3000,1,threaded,https-over-https-proxy,2,ylong_http_client_sync,rust,485.451462,0.161817154,6179.8145331365795,interleaved,20260707,2,145,158,237269,79.08966666666667,15974400,0,1,0,1,239454,12878533,0,59,0,0,0,0,131505,6102,28619,3214,15421,0,0,0,0,0,1469,4222,1,3050,1,173850,0,12492800,66520,3050,0,0,0,0,0,0,0,0,0,0,0,0,0,0,0,0,0,0,0,0,0,0,0,0,0,0,0,0,0,0,0,3000,12288000,-,-
3000,1,threaded,https-over-https-proxy,3,ylong_http_client_sync,rust,317.03081,0.10567693666666665,9462.802684698057,interleaved,20260707,1,75,159,153535,51.178333333333335,15958016,0,1,0,1,239454,12878533,0,59,0,0,0,0,82666,6102,17259,3214,15421,0,0,0,0,0,1469,4222,1,3050,1,173850,0,12492800,41715,3050,0,0,0,0,0,0,0,0,0,0,0,0,0,0,0,0,0,0,0,0,0,0,0,0,0,0,0,0,0,0,0,3000,12288000,-,-
3000,1,threaded,https-over-https-proxy,3,libcurl,rust,294.711254,0.09823708466666667,10179.455176150146,interleaved,20260707,2,89,94,172180,57.39333333333333,15065088,0,1,0,1,245659,12878386,0,89,0,0,0,0,66271,6102,13320,3208,15416,0,0,0,0,0,1551,4222,1,3050,1,179950,0,12492800,36898,3050,0,0,0,0,0,0,0,0,0,0,0,0,0,0,0,0,0,0,0,0,0,0,0,0,0,0,0,0,0,0,0,3000,12288000,-,-
3000,1,threaded,https-over-https-proxy,4,libcurl,rust,553.270141,0.18442338033333333,5422.305990664333,interleaved,20260707,1,165,193,323451,107.817,15147008,0,1,0,1,245659,12878386,0,89,0,0,0,0,133324,6102,29128,3208,15416,0,0,0,0,0,1551,4222,1,3050,1,179950,0,12492800,65894,3050,0,0,0,0,0,0,0,0,0,0,0,0,0,0,0,0,0,0,0,0,0,0,0,0,0,0,0,0,0,0,0,3000,12288000,-,-
3000,1,threaded,https-over-https-proxy,4,ylong_http_client_sync,rust,250.204233,0.083401411,11990.204817997625,interleaved,20260707,2,75,79,121065,40.355,16007168,0,1,0,1,239454,12878533,0,59,0,0,0,0,64349,6102,12977,3214,15421,0,0,0,0,0,1469,4222,1,3050,1,173850,0,12492800,33476,3050,0,0,0,0,0,0,0,0,0,0,0,0,0,0,0,0,0,0,0,0,0,0,0,0,0,0,0,0,0,0,0,3000,12288000,-,-
3000,1,threaded,https-over-https-proxy,5,ylong_http_client_sync,rust,256.418651,0.08547288366666667,11699.616967410066,interleaved,20260707,1,75,94,117146,39.04866666666667,16089088,0,1,0,1,239454,12878533,0,59,0,0,0,0,54978,6102,11753,3214,15421,0,0,0,0,0,1469,4222,1,3050,1,173850,0,12492800,46448,3050,0,0,0,0,0,0,0,0,0,0,0,0,0,0,0,0,0,0,0,0,0,0,0,0,0,0,0,0,0,0,0,3000,12288000,-,-
3000,1,threaded,https-over-https-proxy,5,libcurl,rust,303.183705,0.10106123499999999,9894.990893392507,interleaved,20260707,2,88,112,177177,59.059,15155200,0,1,0,1,245659,12878386,0,89,0,0,0,0,69232,6102,14076,3208,15416,0,0,0,0,0,1551,4222,1,3050,1,179950,0,12492800,38077,3050,0,0,0,0,0,0,0,0,0,0,0,0,0,0,0,0,0,0,0,0,0,0,0,0,0,0,0,0,0,0,0,3000,12288000,-,-
200,1,threaded,proxy-mtls-https-origin,1,ylong_http_client_sync,rust,32.909045,0.164545225,6077.356544378605,interleaved,20260707,1,145,161,16032,80.16,16125952,0,1,0,1,21054,1056933,0,59,0,0,0,0,11079,502,2486,265,1272,0,0,0,0,0,1469,4222,1,250,1,14250,0,1024000,5455,250,0,0,0,0,0,0,0,0,0,0,0,0,0,0,0,0,0,0,0,0,0,0,0,0,0,0,0,0,0,0,0,200,819200,-,-
200,1,threaded,proxy-mtls-https-origin,1,libcurl,rust,35.973974,0.17986987,5559.57481928463,interleaved,20260707,2,164,193,20899,104.495,15085568,0,1,0,1,21659,1056786,0,89,0,0,0,0,10300,502,2393,265,1273,0,0,0,0,0,1551,4222,1,250,1,14750,0,1024000,5326,250,0,0,0,0,0,0,0,0,0,0,0,0,0,0,0,0,0,0,0,0,0,0,0,0,0,0,0,0,0,0,0,200,819200,-,-
200,1,threaded,proxy-mtls-https-origin,2,libcurl,rust,20.168383,0.10084191499999999,9916.511403021255,interleaved,20260707,1,88,101,11582,57.91,15200256,0,1,0,1,21659,1056786,0,89,0,0,0,0,6279,502,1347,265,1273,0,0,0,0,0,1551,4222,1,250,1,14750,0,1024000,3548,250,0,0,0,0,0,0,0,0,0,0,0,0,0,0,0,0,0,0,0,0,0,0,0,0,0,0,0,0,0,0,0,200,819200,-,-
200,1,threaded,proxy-mtls-https-origin,2,ylong_http_client_sync,rust,17.010384,0.08505191999999999,11757.52410997894,interleaved,20260707,2,74,82,8093,40.465,16007168,0,1,0,1,21054,1056933,0,59,0,0,0,0,5291,502,1098,265,1272,0,0,0,0,0,1469,4222,1,250,1,14250,0,1024000,2760,250,0,0,0,0,0,0,0,0,0,0,0,0,0,0,0,0,0,0,0,0,0,0,0,0,0,0,0,0,0,0,0,200,819200,-,-
200,1,threaded,proxy-mtls-https-origin,3,ylong_http_client_sync,rust,16.600556,0.08300278,12047.789242721748,interleaved,20260707,1,74,82,8123,40.615,16023552,0,1,0,1,21054,1056933,0,59,0,0,0,0,5339,502,1109,265,1272,0,0,0,0,0,1469,4222,1,250,1,14250,0,1024000,2734,250,0,0,0,0,0,0,0,0,0,0,0,0,0,0,0,0,0,0,0,0,0,0,0,0,0,0,0,0,0,0,0,200,819200,-,-
200,1,threaded,proxy-mtls-https-origin,3,libcurl,rust,36.880947,0.184404735,5422.854245038773,interleaved,20260707,2,166,178,22043,110.215,15118336,0,1,0,1,21659,1056786,0,89,0,0,0,0,10961,502,2497,265,1273,0,0,0,0,0,1551,4222,1,250,1,14750,0,1024000,5635,250,0,0,0,0,0,0,0,0,0,0,0,0,0,0,0,0,0,0,0,0,0,0,0,0,0,0,0,0,0,0,0,200,819200,-,-
200,1,threaded,proxy-mtls-https-origin,4,libcurl,rust,19.516755,0.097583775,10247.605198712594,interleaved,20260707,1,88,95,11399,56.995,15130624,0,1,0,1,21659,1056786,0,89,0,0,0,0,5953,502,1272,265,1273,0,0,0,0,0,1551,4222,1,250,1,14750,0,1024000,3400,250,0,0,0,0,0,0,0,0,0,0,0,0,0,0,0,0,0,0,0,0,0,0,0,0,0,0,0,0,0,0,0,200,819200,-,-
200,1,threaded,proxy-mtls-https-origin,4,ylong_http_client_sync,rust,16.647147,0.083235735,12014.070639251278,interleaved,20260707,2,74,81,8035,40.175,16056320,0,1,0,1,21054,1056933,0,59,0,0,0,0,5278,502,1089,265,1272,0,0,0,0,0,1469,4222,1,250,1,14250,0,1024000,2830,250,0,0,0,0,0,0,0,0,0,0,0,0,0,0,0,0,0,0,0,0,0,0,0,0,0,0,0,0,0,0,0,200,819200,-,-
200,1,threaded,proxy-mtls-https-origin,5,ylong_http_client_sync,rust,16.470159,0.08235079499999999,12143.173602634924,interleaved,20260707,1,74,80,7982,39.91,15990784,0,1,0,1,21054,1056933,0,59,0,0,0,0,5222,502,1090,265,1272,0,0,0,0,0,1469,4222,1,250,1,14250,0,1024000,2751,250,0,0,0,0,0,0,0,0,0,0,0,0,0,0,0,0,0,0,0,0,0,0,0,0,0,0,0,0,0,0,0,200,819200,-,-
200,1,threaded,proxy-mtls-https-origin,5,libcurl,rust,18.230356,0.09115178,10970.712804511333,interleaved,20260707,2,82,88,10915,54.575,15097856,0,1,0,1,21659,1056786,0,89,0,0,0,0,5371,502,1087,265,1273,0,0,0,0,0,1551,4222,1,250,1,14750,0,1024000,2606,250,0,0,0,0,0,0,0,0,0,0,0,0,0,0,0,0,0,0,0,0,0,0,0,0,0,0,0,0,0,0,0,200,819200,-,-
1000,1,threaded,proxy-mtls-https-origin,1,ylong_http_client_sync,rust,79.091316,0.07909131600000001,12643.613111710012,interleaved,20260707,1,70,76,39115,39.115,15998976,0,1,0,1,83454,4434533,0,59,0,0,0,0,21716,2102,4454,1107,5314,0,0,0,0,0,1469,4222,1,1050,1,59850,0,4300800,10816,1050,0,0,0,0,0,0,0,0,0,0,0,0,0,0,0,0,0,0,0,0,0,0,0,0,0,0,0,0,0,0,0,1000,4096000,-,-
1000,1,threaded,proxy-mtls-https-origin,1,libcurl,rust,140.926059,0.14092605900000002,7095.919712052686,interleaved,20260707,2,123,202,91211,91.211,15142912,0,1,0,1,85659,4434386,0,89,0,0,0,0,26241,2102,6047,1107,5315,0,0,0,0,0,1551,4222,1,1050,1,61950,0,4300800,15944,1050,0,0,0,0,0,0,0,0,0,0,0,0,0,0,0,0,0,0,0,0,0,0,0,0,0,0,0,0,0,0,0,1000,4096000,-,-
1000,1,threaded,proxy-mtls-https-origin,2,libcurl,rust,111.345089,0.11134508900000001,8981.087616715631,interleaved,20260707,1,89,163,65427,65.427,15101952,0,1,0,1,85659,4434386,0,89,0,0,0,0,26920,2102,5577,1107,5315,0,0,0,0,0,1551,4222,1,1050,1,61950,0,4300800,14620,1050,0,0,0,0,0,0,0,0,0,0,0,0,0,0,0,0,0,0,0,0,0,0,0,0,0,0,0,0,0,0,0,1000,4096000,-,-
1000,1,threaded,proxy-mtls-https-origin,2,ylong_http_client_sync,rust,100.433717,0.100433717,9956.81559809242,interleaved,20260707,2,75,142,46148,46.148,16048128,0,1,0,1,83454,4434533,0,59,0,0,0,0,28565,2102,5845,1107,5314,0,0,0,0,0,1469,4222,1,1050,1,59850,0,4300800,14420,1050,0,0,0,0,0,0,0,0,0,0,0,0,0,0,0,0,0,0,0,0,0,0,0,0,0,0,0,0,0,0,0,1000,4096000,-,-
1000,1,threaded,proxy-mtls-https-origin,3,ylong_http_client_sync,rust,86.505282,0.08650528199999999,11559.98774733779,interleaved,20260707,1,75,83,41885,41.885,16039936,0,1,0,1,83454,4434533,0,59,0,0,0,0,23574,2102,4904,1107,5314,0,0,0,0,0,1469,4222,1,1050,1,59850,0,4300800,12507,1050,0,0,0,0,0,0,0,0,0,0,0,0,0,0,0,0,0,0,0,0,0,0,0,0,0,0,0,0,0,0,0,1000,4096000,-,-
1000,1,threaded,proxy-mtls-https-origin,3,libcurl,rust,75.26122,0.07526121999999999,13287.055405160854,interleaved,20260707,2,62,142,35118,35.118,15212544,0,1,0,1,85659,4434386,0,89,0,0,0,0,23812,2102,4772,1107,5315,0,0,0,0,0,1551,4222,1,1050,1,61950,0,4300800,7655,1050,0,0,0,0,0,0,0,0,0,0,0,0,0,0,0,0,0,0,0,0,0,0,0,0,0,0,0,0,0,0,0,1000,4096000,-,-
1000,1,threaded,proxy-mtls-https-origin,4,libcurl,rust,121.38293,0.12138293,8238.390686400468,interleaved,20260707,1,88,167,71792,71.792,15147008,0,1,0,1,85659,4434386,0,89,0,0,0,0,29609,2102,6198,1107,5315,0,0,0,0,0,1551,4222,1,1050,1,61950,0,4300800,15808,1050,0,0,0,0,0,0,0,0,0,0,0,0,0,0,0,0,0,0,0,0,0,0,0,0,0,0,0,0,0,0,0,1000,4096000,-,-
1000,1,threaded,proxy-mtls-https-origin,4,ylong_http_client_sync,rust,112.621982,0.11262198200000001,8879.261244043813,interleaved,20260707,2,123,145,44636,44.636,16003072,0,1,0,1,83454,4434533,0,59,0,0,0,0,34794,2102,7279,1107,5314,0,0,0,0,0,1469,4222,1,1050,1,59850,0,4300800,16875,1050,0,0,0,0,0,0,0,0,0,0,0,0,0,0,0,0,0,0,0,0,0,0,0,0,0,0,0,0,0,0,0,1000,4096000,-,-
1000,1,threaded,proxy-mtls-https-origin,5,ylong_http_client_sync,rust,86.789922,0.086789922,11522.075109135367,interleaved,20260707,1,74,84,42171,42.171,16044032,0,1,0,1,83454,4434533,0,59,0,0,0,0,22661,2102,4688,1107,5314,0,0,0,0,0,1469,4222,1,1050,1,59850,0,4300800,12142,1050,0,0,0,0,0,0,0,0,0,0,0,0,0,0,0,0,0,0,0,0,0,0,0,0,0,0,0,0,0,0,0,1000,4096000,-,-
1000,1,threaded,proxy-mtls-https-origin,5,libcurl,rust,103.192469,0.10319246900000001,9690.629652441012,interleaved,20260707,2,88,165,60451,60.451,15073280,0,1,0,1,85659,4434386,0,89,0,0,0,0,24925,2102,5138,1107,5315,0,0,0,0,0,1551,4222,1,1050,1,61950,0,4300800,13928,1050,0,0,0,0,0,0,0,0,0,0,0,0,0,0,0,0,0,0,0,0,0,0,0,0,0,0,0,0,0,0,0,1000,4096000,-,-
3000,1,threaded,proxy-mtls-https-origin,1,ylong_http_client_sync,rust,396.019557,0.13200651900000002,7575.383455115576,interleaved,20260707,1,134,154,180260,60.086666666666666,15998976,0,1,0,1,239454,12878533,0,59,0,0,0,0,111278,6102,23992,3214,15421,0,0,0,0,0,1469,4222,1,3050,1,173850,0,12492800,55209,3050,0,0,0,0,0,0,0,0,0,0,0,0,0,0,0,0,0,0,0,0,0,0,0,0,0,0,0,0,0,0,0,3000,12288000,-,-
3000,1,threaded,proxy-mtls-https-origin,1,libcurl,rust,484.820282,0.16160676066666668,6187.859937757306,interleaved,20260707,2,156,176,297866,99.28866666666667,15179776,0,1,0,1,245659,12878386,0,89,0,0,0,0,97113,6102,21868,3208,15416,0,0,0,0,0,1551,4222,1,3050,1,179950,0,12492800,59603,3050,0,0,0,0,0,0,0,0,0,0,0,0,0,0,0,0,0,0,0,0,0,0,0,0,0,0,0,0,0,0,0,3000,12288000,-,-
3000,1,threaded,proxy-mtls-https-origin,2,libcurl,rust,434.636565,0.144878855,6902.3184922327,interleaved,20260707,1,135,166,283379,94.45966666666666,15089664,0,1,0,1,245659,12878386,0,89,0,0,0,0,79264,6102,17898,3208,15416,0,0,0,0,0,1551,4222,1,3050,1,179950,0,12492800,46829,3050,0,0,0,0,0,0,0,0,0,0,0,0,0,0,0,0,0,0,0,0,0,0,0,0,0,0,0,0,0,0,0,3000,12288000,-,-
3000,1,threaded,proxy-mtls-https-origin,2,ylong_http_client_sync,rust,333.740422,0.11124680733333334,8989.022013042219,interleaved,20260707,2,99,114,211370,70.45666666666666,16183296,0,1,0,1,239454,12878533,0,59,0,0,0,0,57191,6102,12354,3214,15421,0,0,0,0,0,1469,4222,1,3050,1,173850,0,12492800,32452,3050,0,0,0,0,0,0,0,0,0,0,0,0,0,0,0,0,0,0,0,0,0,0,0,0,0,0,0,0,0,0,0,3000,12288000,-,-
3000,1,threaded,proxy-mtls-https-origin,3,ylong_http_client_sync,rust,425.3913,0.1417971,7052.330407321447,interleaved,20260707,1,142,160,208867,69.62233333333333,15978496,0,1,0,1,239454,12878533,0,59,0,0,0,0,113702,6102,24470,3214,15421,0,0,0,0,0,1469,4222,1,3050,1,173850,0,12492800,57327,3050,0,0,0,0,0,0,0,0,0,0,0,0,0,0,0,0,0,0,0,0,0,0,0,0,0,0,0,0,0,0,0,3000,12288000,-,-
3000,1,threaded,proxy-mtls-https-origin,3,libcurl,rust,451.374191,0.15045806366666667,6646.370261785748,interleaved,20260707,2,153,170,267137,89.04566666666666,15237120,0,1,0,1,245659,12878386,0,89,0,0,0,0,102551,6102,22034,3208,15416,0,0,0,0,0,1551,4222,1,3050,1,179950,0,12492800,56025,3050,0,0,0,0,0,0,0,0,0,0,0,0,0,0,0,0,0,0,0,0,0,0,0,0,0,0,0,0,0,0,0,3000,12288000,-,-
3000,1,threaded,proxy-mtls-https-origin,4,libcurl,rust,360.997469,0.12033248966666668,8310.307571713196,interleaved,20260707,1,88,165,213826,71.27533333333334,15147008,0,1,0,1,245659,12878386,0,89,0,0,0,0,84572,6102,17801,3208,15416,0,0,0,0,0,1551,4222,1,3050,1,179950,0,12492800,43620,3050,0,0,0,0,0,0,0,0,0,0,0,0,0,0,0,0,0,0,0,0,0,0,0,0,0,0,0,0,0,0,0,3000,12288000,-,-
3000,1,threaded,proxy-mtls-https-origin,4,ylong_http_client_sync,rust,249.557704,0.08318590133333334,12021.26783471289,interleaved,20260707,2,74,78,121489,40.49633333333333,16068608,0,1,0,1,239454,12878533,0,59,0,0,0,0,63567,6102,12885,3214,15421,0,0,0,0,0,1469,4222,1,3050,1,173850,0,12492800,33574,3050,0,0,0,0,0,0,0,0,0,0,0,0,0,0,0,0,0,0,0,0,0,0,0,0,0,0,0,0,0,0,0,3000,12288000,-,-
3000,1,threaded,proxy-mtls-https-origin,5,ylong_http_client_sync,rust,246.637473,0.082212491,12163.60175730474,interleaved,20260707,1,74,78,119766,39.922,16154624,0,1,0,1,239454,12878533,0,59,0,0,0,0,62942,6102,12911,3214,15421,0,0,0,0,0,1469,4222,1,3050,1,173850,0,12492800,33072,3050,0,0,0,0,0,0,0,0,0,0,0,0,0,0,0,0,0,0,0,0,0,0,0,0,0,0,0,0,0,0,0,3000,12288000,-,-
3000,1,threaded,proxy-mtls-https-origin,5,libcurl,rust,270.91002,0.09030334,11073.787525466943,interleaved,20260707,2,66,170,140615,46.87166666666667,15167488,0,1,0,1,245659,12878386,0,89,0,0,0,0,67877,6102,14448,3208,15416,0,0,0,0,0,1551,4222,1,3050,1,179950,0,12492800,32021,3050,0,0,0,0,0,0,0,0,0,0,0,0,0,0,0,0,0,0,0,0,0,0,0,0,0,0,0,0,0,0,0,3000,12288000,-,-
