requests,concurrency,scenario,repeat,client,elapsed_ms,latency_ms,throughput_rps,p50_us,p95_us,cpu_us,cpu_us_per_request,rss_peak_bytes,errors,proxy_connections,proxy_forward_requests,proxy_connect_requests,proxy_tunnel_bytes_from_client,proxy_tunnel_bytes_from_origin,proxy_tls_client_auth_failures,proxy_request_header_bytes,proxy_request_body_bytes,proxy_response_body_bytes,origin_connections,origin_requests,origin_tls_connections,origin_request_header_bytes,origin_request_body_bytes,origin_response_body_bytes,phase_request_build_us,phase_request_execute_us,phase_body_drain_us,phase_connect_us,phase_dns_us,phase_tcp_us,phase_tls_us,phase_transfer_us,phase_request_format_us,phase_pool_checkout_us,phase_send_on_conn_us,phase_http1_write_us,phase_http1_encode_us,phase_http1_write_io_us,phase_response_head_us,phase_response_read_us,phase_response_intercept_us,phase_response_decode_us,phase_libcurl_perform_us,tls_ssl_read_calls,tls_ssl_read_pending,tls_ssl_write_calls,tls_ssl_write_pending,tls_underlying_read_calls,tls_underlying_read_pending,tls_underlying_write_calls,tls_underlying_write_pending
200,1,http-over-https-proxy,1,ylong_http_client,27.371568,0.13685784,7306.852132110225,117,128,18117,90.585,15962112,0,1,250,0,0,0,0,19750,0,1024000,0,0,0,0,0,0,0,0,0,0,0,0,0,0,0,0,0,0,0,0,0,0,0,0,0,0,0,0,0,0,0,0,0
200,1,http-over-https-proxy,1,libcurl,27.963395,0.13981697499999998,7152.20737682245,120,132,19563,97.815,15028224,0,1,250,0,0,0,0,27750,0,1024000,0,0,0,0,0,0,0,0,0,0,0,0,0,0,0,0,0,0,0,0,0,0,0,0,0,0,0,0,0,0,0,0,0
200,1,http-over-https-proxy,2,ylong_http_client,26.606937,0.13303468499999999,7516.8366805995,114,126,17545,87.725,15933440,0,1,250,0,0,0,0,19750,0,1024000,0,0,0,0,0,0,0,0,0,0,0,0,0,0,0,0,0,0,0,0,0,0,0,0,0,0,0,0,0,0,0,0,0
200,1,http-over-https-proxy,2,libcurl,27.618357,0.138091785,7241.560386810845,118,134,19094,95.47,14950400,0,1,250,0,0,0,0,27750,0,1024000,0,0,0,0,0,0,0,0,0,0,0,0,0,0,0,0,0,0,0,0,0,0,0,0,0,0,0,0,0,0,0,0,0
200,1,http-over-https-proxy,3,ylong_http_client,26.638525,0.133192625,7507.923205207496,115,128,17676,88.38,16035840,0,1,250,0,0,0,0,19750,0,1024000,0,0,0,0,0,0,0,0,0,0,0,0,0,0,0,0,0,0,0,0,0,0,0,0,0,0,0,0,0,0,0,0,0
200,1,http-over-https-proxy,3,libcurl,27.936452,0.13968226,7159.105243572089,117,142,19523,97.615,14983168,0,1,250,0,0,0,0,27750,0,1024000,0,0,0,0,0,0,0,0,0,0,0,0,0,0,0,0,0,0,0,0,0,0,0,0,0,0,0,0,0,0,0,0,0
1000,1,http-over-https-proxy,1,ylong_http_client,118.835153,0.118835153,8415.018407894842,100,118,78444,78.444,15912960,0,1,1050,0,0,0,0,82950,0,4300800,0,0,0,0,0,0,0,0,0,0,0,0,0,0,0,0,0,0,0,0,0,0,0,0,0,0,0,0,0,0,0,0,0
1000,1,http-over-https-proxy,1,libcurl,72.174014,0.072174014,13855.402305877016,55,124,50336,50.336,15028224,0,1,1050,0,0,0,0,116550,0,4300800,0,0,0,0,0,0,0,0,0,0,0,0,0,0,0,0,0,0,0,0,0,0,0,0,0,0,0,0,0,0,0,0,0
1000,1,http-over-https-proxy,2,ylong_http_client,119.199809,0.119199809,8389.275187513094,101,114,78929,78.929,15900672,0,1,1050,0,0,0,0,82950,0,4300800,0,0,0,0,0,0,0,0,0,0,0,0,0,0,0,0,0,0,0,0,0,0,0,0,0,0,0,0,0,0,0,0,0
1000,1,http-over-https-proxy,2,libcurl,124.522006,0.124522006,8030.709045917554,106,117,86597,86.597,14925824,0,1,1050,0,0,0,0,116550,0,4300800,0,0,0,0,0,0,0,0,0,0,0,0,0,0,0,0,0,0,0,0,0,0,0,0,0,0,0,0,0,0,0,0,0
1000,1,http-over-https-proxy,3,ylong_http_client,103.606261,0.103606261,9651.926344489933,99,116,65184,65.184,15847424,0,1,1050,0,0,0,0,82950,0,4300800,0,0,0,0,0,0,0,0,0,0,0,0,0,0,0,0,0,0,0,0,0,0,0,0,0,0,0,0,0,0,0,0,0
1000,1,http-over-https-proxy,3,libcurl,126.615503,0.126615503,7897.927001877488,106,130,88085,88.085,15052800,0,1,1050,0,0,0,0,116550,0,4300800,0,0,0,0,0,0,0,0,0,0,0,0,0,0,0,0,0,0,0,0,0,0,0,0,0,0,0,0,0,0,0,0,0
200,1,https-over-https-proxy,1,ylong_http_client,46.227457,0.231137285,4326.433097974652,213,225,19278,96.39,16060416,0,1,0,1,21314,1058720,0,59,0,0,1,250,1,14250,0,1024000,0,0,0,0,0,0,0,0,0,0,0,0,0,0,0,0,0,0,0,0,0,0,0,0,0,0,0
200,1,https-over-https-proxy,1,libcurl,48.114309,0.240571545,4156.767584462244,221,240,21431,107.155,14991360,0,1,0,1,21905,1058720,0,89,0,0,1,250,1,14750,0,1024000,0,0,0,0,0,0,0,0,0,0,0,0,0,0,0,0,0,0,0,0,0,0,0,0,0,0,0
200,1,https-over-https-proxy,2,ylong_http_client,45.283545,0.226417725,4416.615351117056,208,224,18829,94.145,15937536,0,1,0,1,21314,1058720,0,59,0,0,1,250,1,14250,0,1024000,0,0,0,0,0,0,0,0,0,0,0,0,0,0,0,0,0,0,0,0,0,0,0,0,0,0,0
200,1,https-over-https-proxy,2,libcurl,21.607818,0.10803909,9255.909134369791,99,104,9532,47.66,14987264,0,1,0,1,21905,1058720,0,89,0,0,1,250,1,14750,0,1024000,0,0,0,0,0,0,0,0,0,0,0,0,0,0,0,0,0,0,0,0,0,0,0,0,0,0,0
200,1,https-over-https-proxy,3,ylong_http_client,45.366219,0.226831095,4408.566647354941,207,226,19139,95.695,15941632,0,1,0,1,21314,1058720,0,59,0,0,1,250,1,14250,0,1024000,0,0,0,0,0,0,0,0,0,0,0,0,0,0,0,0,0,0,0,0,0,0,0,0,0,0,0
200,1,https-over-https-proxy,3,libcurl,26.996335,0.134981675,7408.413030879932,100,214,11862,59.31,14999552,0,1,0,1,21905,1058720,0,89,0,0,1,250,1,14750,0,1024000,0,0,0,0,0,0,0,0,0,0,0,0,0,0,0,0,0,0,0,0,0,0,0,0,0,0,0
1000,1,https-over-https-proxy,1,ylong_http_client,227.430475,0.227430475,4396.948122277809,207,228,95668,95.668,16035840,0,1,0,1,84514,4437120,0,59,0,0,1,1050,1,59850,0,4300800,0,0,0,0,0,0,0,0,0,0,0,0,0,0,0,0,0,0,0,0,0,0,0,0,0,0,0
1000,1,https-over-https-proxy,1,libcurl,227.640233,0.227640233,4392.896575536364,210,230,102415,102.415,14954496,0,1,0,1,86705,4437120,0,89,0,0,1,1050,1,61950,0,4300800,0,0,0,0,0,0,0,0,0,0,0,0,0,0,0,0,0,0,0,0,0,0,0,0,0,0,0
1000,1,https-over-https-proxy,2,ylong_http_client,193.39829,0.19339829,5170.6765349373045,170,273,61562,61.562,16035840,0,1,0,1,84514,4437120,0,59,0,0,1,1050,1,59850,0,4300800,0,0,0,0,0,0,0,0,0,0,0,0,0,0,0,0,0,0,0,0,0,0,0,0,0,0,0
1000,1,https-over-https-proxy,2,libcurl,238.81196,0.23881196,4187.394969665674,214,267,105807,105.807,15020032,0,1,0,1,86705,4437120,0,89,0,0,1,1050,1,61950,0,4300800,0,0,0,0,0,0,0,0,0,0,0,0,0,0,0,0,0,0,0,0,0,0,0,0,0,0,0
1000,1,https-over-https-proxy,3,ylong_http_client,196.710464,0.196710464,5083.613650568177,170,271,64671,64.671,15970304,0,1,0,1,84514,4437120,0,59,0,0,1,1050,1,59850,0,4300800,0,0,0,0,0,0,0,0,0,0,0,0,0,0,0,0,0,0,0,0,0,0,0,0,0,0,0
1000,1,https-over-https-proxy,3,libcurl,224.67193,0.22467193,4450.934302295796,206,229,100210,100.21,15089664,0,1,0,1,86705,4437120,0,89,0,0,1,1050,1,61950,0,4300800,0,0,0,0,0,0,0,0,0,0,0,0,0,0,0,0,0,0,0,0,0,0,0,0,0,0,0
200,1,proxy-mtls-https-origin,1,ylong_http_client,46.965794,0.23482897000000003,4258.418371464134,215,230,19773,98.865,15912960,0,1,0,1,21314,1058720,0,59,0,0,1,250,1,14250,0,1024000,0,0,0,0,0,0,0,0,0,0,0,0,0,0,0,0,0,0,0,0,0,0,0,0,0,0,0
200,1,proxy-mtls-https-origin,1,libcurl,28.545242,0.14272621,7006.421595585002,100,242,12661,63.305,15065088,0,1,0,1,21905,1058720,0,89,0,0,1,250,1,14750,0,1024000,0,0,0,0,0,0,0,0,0,0,0,0,0,0,0,0,0,0,0,0,0,0,0,0,0,0,0
200,1,proxy-mtls-https-origin,2,ylong_http_client,46.202519,0.23101259500000002,4328.768308065627,207,266,19786,98.93,16031744,0,1,0,1,21314,1058720,0,59,0,0,1,250,1,14250,0,1024000,0,0,0,0,0,0,0,0,0,0,0,0,0,0,0,0,0,0,0,0,0,0,0,0,0,0,0
200,1,proxy-mtls-https-origin,2,libcurl,45.291107,0.22645553499999999,4415.877933829262,209,221,19999,99.995,15183872,0,1,0,1,21905,1058720,0,89,0,0,1,250,1,14750,0,1024000,0,0,0,0,0,0,0,0,0,0,0,0,0,0,0,0,0,0,0,0,0,0,0,0,0,0,0
200,1,proxy-mtls-https-origin,3,ylong_http_client,43.865726,0.21932863000000002,4559.368286757638,201,216,18552,92.76,16080896,0,1,0,1,21314,1058720,0,59,0,0,1,250,1,14250,0,1024000,0,0,0,0,0,0,0,0,0,0,0,0,0,0,0,0,0,0,0,0,0,0,0,0,0,0,0
200,1,proxy-mtls-https-origin,3,libcurl,26.012407,0.130062035,7688.638733047656,99,260,11700,58.5,15204352,0,1,0,1,21905,1058720,0,89,0,0,1,250,1,14750,0,1024000,0,0,0,0,0,0,0,0,0,0,0,0,0,0,0,0,0,0,0,0,0,0,0,0,0,0,0
1000,1,proxy-mtls-https-origin,1,ylong_http_client,109.178835,0.109178835,9159.284397932988,94,124,51175,51.175,16011264,0,1,0,1,84514,4437120,0,59,0,0,1,1050,1,59850,0,4300800,0,0,0,0,0,0,0,0,0,0,0,0,0,0,0,0,0,0,0,0,0,0,0,0,0,0,0
1000,1,proxy-mtls-https-origin,1,libcurl,215.538654,0.215538654,4639.539040640015,194,227,94984,94.984,15024128,0,1,0,1,86705,4437120,0,89,0,0,1,1050,1,61950,0,4300800,0,0,0,0,0,0,0,0,0,0,0,0,0,0,0,0,0,0,0,0,0,0,0,0,0,0,0
1000,1,proxy-mtls-https-origin,2,ylong_http_client,219.733409,0.219733409,4550.969306629198,195,234,92884,92.884,16060416,0,1,0,1,84514,4437120,0,59,0,0,1,1050,1,59850,0,4300800,0,0,0,0,0,0,0,0,0,0,0,0,0,0,0,0,0,0,0,0,0,0,0,0,0,0,0
1000,1,proxy-mtls-https-origin,2,libcurl,215.71288,0.21571288000000002,4635.791798802185,199,218,95466,95.466,15020032,0,1,0,1,86705,4437120,0,89,0,0,1,1050,1,61950,0,4300800,0,0,0,0,0,0,0,0,0,0,0,0,0,0,0,0,0,0,0,0,0,0,0,0,0,0,0
1000,1,proxy-mtls-https-origin,3,ylong_http_client,217.174853,0.217174853,4604.584675372153,197,226,92057,92.057,15978496,0,1,0,1,84514,4437120,0,59,0,0,1,1050,1,59850,0,4300800,0,0,0,0,0,0,0,0,0,0,0,0,0,0,0,0,0,0,0,0,0,0,0,0,0,0,0
1000,1,proxy-mtls-https-origin,3,libcurl,238.704892,0.238704892,4189.273171661685,217,244,105082,105.082,15081472,0,1,0,1,86705,4437120,0,89,0,0,1,1050,1,61950,0,4300800,0,0,0,0,0,0,0,0,0,0,0,0,0,0,0,0,0,0,0,0,0,0,0,0,0,0,0
