requests,concurrency,scenario,repeat,client,elapsed_ms,latency_ms,throughput_rps,p50_us,p95_us,cpu_us,cpu_us_per_request,rss_peak_bytes,errors,proxy_connections,proxy_forward_requests,proxy_connect_requests,proxy_tunnel_bytes_from_client,proxy_tunnel_bytes_from_origin,proxy_tls_client_auth_failures,proxy_request_header_bytes,proxy_request_body_bytes,proxy_response_body_bytes,origin_connections,origin_requests,origin_tls_connections,origin_request_header_bytes,origin_request_body_bytes,origin_response_body_bytes,phase_request_build_us,phase_request_execute_us,phase_body_drain_us,phase_connect_us,phase_dns_us,phase_tcp_us,phase_tls_us,phase_transfer_us,phase_request_format_us,phase_pool_checkout_us,phase_send_on_conn_us,phase_http1_write_us,phase_http1_encode_us,phase_http1_write_io_us,phase_response_head_us,phase_response_read_us,phase_response_read_polls,phase_response_read_pending,phase_response_intercept_us,phase_response_decode_us,phase_libcurl_perform_us,tls_ssl_read_calls,tls_ssl_read_pending,tls_ssl_write_calls,tls_ssl_write_pending,tls_underlying_read_calls,tls_underlying_read_pending,tls_underlying_write_calls,tls_underlying_write_pending
200,1,http-over-https-proxy,1,ylong_http_client,21.615504,0.10807752000000001,9252.617935718732,95,105,14523,72.615,15945728,0,1,220,0,0,0,0,17380,0,901120,0,0,0,0,0,0,237,18397,151,135,0,0,0,15241,414,299,17345,3361,171,3070,12436,11881,400,200,16,488,0,400,200,200,0,600,200,200,0
200,1,http-over-https-proxy,1,libcurl,13.847349,0.069236745,14443.19775575816,55,110,9321,46.605,15032320,0,1,220,0,0,0,0,24420,0,901120,0,0,0,0,0,0,0,0,0,0,0,0,0,0,0,0,0,0,0,0,0,0,0,0,0,0,12183,0,0,0,0,0,0,0,0
200,1,http-over-https-proxy,2,ylong_http_client,17.681243,0.088406215,11311.421940188255,58,176,10319,51.595,15888384,0,1,220,0,0,0,0,17380,0,901120,0,0,0,0,0,0,128,15776,86,95,0,0,0,13514,303,225,14985,1943,112,1753,12013,11560,400,200,10,403,0,400,200,200,0,600,200,200,0
200,1,http-over-https-proxy,2,libcurl,28.793144,0.14396572000000002,6946.098001663173,118,157,19549,97.745,14991360,0,1,220,0,0,0,0,24420,0,901120,0,0,0,0,0,0,0,0,0,0,0,0,0,0,0,0,0,0,0,0,0,0,0,0,0,0,25338,0,0,0,0,0,0,0,0
200,1,http-over-https-proxy,3,ylong_http_client,20.94692,0.1047346,9547.943086620851,54,423,11856,59.28,15872000,0,1,220,0,0,0,0,17380,0,901120,0,0,0,0,0,0,191,18603,106,111,0,0,0,16182,331,241,17756,2545,137,2302,14125,13637,400,200,13,436,0,400,200,200,0,600,200,200,0
200,1,http-over-https-proxy,3,libcurl,30.387004,0.15193502,6581.761071279024,125,158,20986,104.93,14934016,0,1,220,0,0,0,0,24420,0,901120,0,0,0,0,0,0,0,0,0,0,0,0,0,0,0,0,0,0,0,0,0,0,0,0,0,0,26532,0,0,0,0,0,0,0,0
200,1,https-over-https-proxy,1,ylong_http_client,52.745454,0.26372727,3791.7959716490445,228,353,21806,109.03,16048128,0,1,0,1,18944,932030,0,59,0,0,1,220,1,12540,0,901120,305,48254,213,203,0,0,0,43884,611,424,46743,4892,208,4537,39788,39001,400,200,23,700,0,1000,400,400,0,1200,400,400,0
200,1,https-over-https-proxy,1,libcurl,27.108542,0.13554271,7377.748312690516,100,221,12058,60.29,15126528,0,1,0,1,19475,932030,0,89,0,0,1,220,1,12980,0,901120,0,0,0,0,0,0,0,0,0,0,0,0,0,0,0,0,0,0,0,0,25071,0,0,0,0,0,0,0,0
200,1,https-over-https-proxy,2,ylong_http_client,46.866025,0.234330125,4267.483747554866,211,270,20060,100.3,16105472,0,1,0,1,18944,932030,0,59,0,0,1,220,1,12540,0,901120,294,42792,183,177,0,0,0,38797,547,367,41417,4599,171,4288,34919,34198,400,200,19,639,0,1000,400,400,0,1200,400,400,0
200,1,https-over-https-proxy,2,libcurl,45.579204,0.22789601999999998,4387.966055747705,205,240,20111,100.555,15073280,0,1,0,1,19475,932030,0,89,0,0,1,220,1,12980,0,901120,0,0,0,0,0,0,0,0,0,0,0,0,0,0,0,0,0,0,0,0,42167,0,0,0,0,0,0,0,0
200,1,https-over-https-proxy,3,ylong_http_client,50.859118,0.25429559,3932.4315455096958,221,296,21330,106.65,15904768,0,1,0,1,18944,932030,0,59,0,0,1,220,1,12540,0,901120,331,46240,221,206,0,0,0,41838,640,420,44687,4939,208,4578,37750,36908,400,200,22,745,0,1000,400,400,0,1200,400,400,0
200,1,https-over-https-proxy,3,libcurl,46.673429,0.233367145,4285.093345080774,212,240,20827,104.135,15003648,0,1,0,1,19475,932030,0,89,0,0,1,220,1,12980,0,901120,0,0,0,0,0,0,0,0,0,0,0,0,0,0,0,0,0,0,0,0,43090,0,0,0,0,0,0,0,0
200,1,proxy-mtls-https-origin,1,ylong_http_client,22.324224,0.11162112,8958.878033117748,98,109,9119,45.595,16068608,0,1,0,1,18944,932030,0,59,0,0,1,220,1,12540,0,901120,90,20822,68,82,0,0,0,18907,249,189,20164,1743,64,1616,17526,17145,400,200,9,339,0,1000,400,400,0,1200,400,400,0
200,1,proxy-mtls-https-origin,1,libcurl,54.927443,0.274637215,3641.167130244894,237,390,24300,121.5,15093760,0,1,0,1,19475,932030,0,89,0,0,1,220,1,12980,0,901120,0,0,0,0,0,0,0,0,0,0,0,0,0,0,0,0,0,0,0,0,50797,0,0,0,0,0,0,0,0
200,1,proxy-mtls-https-origin,2,ylong_http_client,47.326588,0.23663294,4225.95434092988,212,239,19938,99.69,15970304,0,1,0,1,18944,932030,0,59,0,0,1,220,1,12540,0,901120,271,43255,176,166,0,0,0,39193,567,346,41908,4706,180,4388,35242,34494,400,200,20,658,0,1000,400,400,0,1200,400,400,0
200,1,proxy-mtls-https-origin,2,libcurl,49.598508,0.24799254,4032.3793610888456,211,326,22091,110.455,15081472,0,1,0,1,19475,932030,0,89,0,0,1,220,1,12980,0,901120,0,0,0,0,0,0,0,0,0,0,0,0,0,0,0,0,0,0,0,0,45902,0,0,0,0,0,0,0,0
200,1,proxy-mtls-https-origin,3,ylong_http_client,48.36422,0.2418211,4135.288442571801,216,249,20420,102.1,15966208,0,1,0,1,18944,932030,0,59,0,0,1,220,1,12540,0,901120,312,43988,190,199,0,0,0,39770,592,410,42537,4710,200,4364,35843,35069,400,200,22,679,0,1000,400,400,0,1200,400,400,0
200,1,proxy-mtls-https-origin,3,libcurl,44.574177,0.222870885,4486.902809220684,201,231,19546,97.73,15065088,0,1,0,1,19475,932030,0,89,0,0,1,220,1,12980,0,901120,0,0,0,0,0,0,0,0,0,0,0,0,0,0,0,0,0,0,0,0,41227,0,0,0,0,0,0,0,0
