requests,scenario,repeat,client,elapsed_ms,latency_ms,throughput_rps,p50_us,p95_us,cpu_us,cpu_us_per_request,rss_peak_bytes,errors,proxy_connections,proxy_forward_requests,proxy_connect_requests,proxy_tunnel_bytes_from_client,proxy_tunnel_bytes_from_origin,proxy_tls_client_auth_failures,proxy_request_header_bytes,proxy_request_body_bytes,proxy_response_body_bytes,origin_connections,origin_requests,origin_tls_connections,origin_request_header_bytes,origin_request_body_bytes,origin_response_body_bytes,phase_request_build_us,phase_request_execute_us,phase_body_drain_us,phase_connect_us,phase_dns_us,phase_tcp_us,phase_tls_us,phase_transfer_us,phase_request_format_us,phase_pool_checkout_us,phase_send_on_conn_us,phase_http1_write_us,phase_http1_encode_us,phase_http1_write_io_us,phase_response_head_us,phase_response_read_us,phase_response_intercept_us,phase_response_decode_us,phase_libcurl_perform_us
200,http-over-https-proxy,1,ylong_http_client,33.389823,0.166949115,5989.8490626919465,119,470,19572,97.86,15831040,0,1,250,0,0,0,0,19750,0,1024000,0,0,0,0,0,0,0,0,0,0,0,0,0,0,0,0,0,0,0,0,0,0,0,0,0
200,http-over-https-proxy,1,libcurl,26.482237,0.13241118500000001,7552.232086737989,116,124,18635,93.175,14852096,0,1,250,0,0,0,0,27750,0,1024000,0,0,0,0,0,0,0,0,0,0,0,0,0,0,0,0,0,0,0,0,0,0,0,0,0
200,http-over-https-proxy,2,ylong_http_client,24.517754,0.12258877,8157.354054535338,105,117,16289,81.445,15794176,0,1,250,0,0,0,0,19750,0,1024000,0,0,0,0,0,0,0,0,0,0,0,0,0,0,0,0,0,0,0,0,0,0,0,0,0
200,http-over-https-proxy,2,libcurl,22.06244,0.1103122,9065.180460547428,118,138,15390,76.95,14942208,0,1,250,0,0,0,0,27750,0,1024000,0,0,0,0,0,0,0,0,0,0,0,0,0,0,0,0,0,0,0,0,0,0,0,0,0
200,http-over-https-proxy,3,ylong_http_client,26.77479,0.13387395,7469.713114463269,112,140,17542,87.71,15884288,0,1,250,0,0,0,0,19750,0,1024000,0,0,0,0,0,0,0,0,0,0,0,0,0,0,0,0,0,0,0,0,0,0,0,0,0
200,http-over-https-proxy,3,libcurl,12.781027,0.063905135,15648.194781217502,55,58,8942,44.71,14893056,0,1,250,0,0,0,0,27750,0,1024000,0,0,0,0,0,0,0,0,0,0,0,0,0,0,0,0,0,0,0,0,0,0,0,0,0
200,http-over-https-proxy,4,ylong_http_client,18.182663,0.09091331500000001,10999.488908747853,55,110,12072,60.36,15876096,0,1,250,0,0,0,0,19750,0,1024000,0,0,0,0,0,0,0,0,0,0,0,0,0,0,0,0,0,0,0,0,0,0,0,0,0
200,http-over-https-proxy,4,libcurl,27.718074,0.13859037000000002,7215.508552289743,117,135,19116,95.58,14794752,0,1,250,0,0,0,0,27750,0,1024000,0,0,0,0,0,0,0,0,0,0,0,0,0,0,0,0,0,0,0,0,0,0,0,0,0
200,http-over-https-proxy,5,ylong_http_client,21.187044,0.10593522,9439.731186662944,90,98,13898,69.49,15900672,0,1,250,0,0,0,0,19750,0,1024000,0,0,0,0,0,0,0,0,0,0,0,0,0,0,0,0,0,0,0,0,0,0,0,0,0
200,http-over-https-proxy,5,libcurl,20.890445,0.104452225,9573.75489129121,111,132,14670,73.35,14954496,0,1,250,0,0,0,0,27750,0,1024000,0,0,0,0,0,0,0,0,0,0,0,0,0,0,0,0,0,0,0,0,0,0,0,0,0
1000,http-over-https-proxy,1,ylong_http_client,119.043102,0.119043102,8400.318734973825,104,111,78597,78.597,15949824,0,1,1050,0,0,0,0,82950,0,4300800,0,0,0,0,0,0,0,0,0,0,0,0,0,0,0,0,0,0,0,0,0,0,0,0,0
1000,http-over-https-proxy,1,libcurl,131.373746,0.131373746,7611.87094413826,110,134,91278,91.278,14917632,0,1,1050,0,0,0,0,116550,0,4300800,0,0,0,0,0,0,0,0,0,0,0,0,0,0,0,0,0,0,0,0,0,0,0,0,0
1000,http-over-https-proxy,2,ylong_http_client,119.223178,0.119223178,8387.63080111822,102,115,79055,79.055,15867904,0,1,1050,0,0,0,0,82950,0,4300800,0,0,0,0,0,0,0,0,0,0,0,0,0,0,0,0,0,0,0,0,0,0,0,0,0
1000,http-over-https-proxy,2,libcurl,124.52288,0.12452288,8030.652680053658,107,132,87264,87.264,14901248,0,1,1050,0,0,0,0,116550,0,4300800,0,0,0,0,0,0,0,0,0,0,0,0,0,0,0,0,0,0,0,0,0,0,0,0,0
1000,http-over-https-proxy,3,ylong_http_client,122.09701,0.12209700999999999,8190.208752859714,104,118,81061,81.061,15855616,0,1,1050,0,0,0,0,82950,0,4300800,0,0,0,0,0,0,0,0,0,0,0,0,0,0,0,0,0,0,0,0,0,0,0,0,0
1000,http-over-https-proxy,3,libcurl,92.905749,0.092905749,10763.596556333667,58,137,64730,64.73,14966784,0,1,1050,0,0,0,0,116550,0,4300800,0,0,0,0,0,0,0,0,0,0,0,0,0,0,0,0,0,0,0,0,0,0,0,0,0
1000,http-over-https-proxy,4,ylong_http_client,123.194673,0.12319467299999999,8117.234095016431,102,129,80651,80.651,15810560,0,1,1050,0,0,0,0,82950,0,4300800,0,0,0,0,0,0,0,0,0,0,0,0,0,0,0,0,0,0,0,0,0,0,0,0,0
1000,http-over-https-proxy,4,libcurl,121.510117,0.121510117,8229.767402824573,104,114,85025,85.025,15011840,0,1,1050,0,0,0,0,116550,0,4300800,0,0,0,0,0,0,0,0,0,0,0,0,0,0,0,0,0,0,0,0,0,0,0,0,0
1000,http-over-https-proxy,5,ylong_http_client,121.003962,0.121003962,8264.192208846847,102,118,79487,79.487,15921152,0,1,1050,0,0,0,0,82950,0,4300800,0,0,0,0,0,0,0,0,0,0,0,0,0,0,0,0,0,0,0,0,0,0,0,0,0
1000,http-over-https-proxy,5,libcurl,126.112489,0.126112489,7929.428781633198,107,124,88268,88.268,14950400,0,1,1050,0,0,0,0,116550,0,4300800,0,0,0,0,0,0,0,0,0,0,0,0,0,0,0,0,0,0,0,0,0,0,0,0,0
3000,http-over-https-proxy,1,ylong_http_client,354.675779,0.11822525966666667,8458.429296915705,100,121,234547,78.18233333333333,15921152,0,1,3050,0,0,0,0,240950,0,12492800,0,0,0,0,0,0,0,0,0,0,0,0,0,0,0,0,0,0,0,0,0,0,0,0,0
3000,http-over-https-proxy,1,libcurl,328.639185,0.109546395,9128.552336204217,104,113,228880,76.29333333333334,14999552,0,1,3050,0,0,0,0,338550,0,12492800,0,0,0,0,0,0,0,0,0,0,0,0,0,0,0,0,0,0,0,0,0,0,0,0,0
3000,http-over-https-proxy,2,ylong_http_client,352.646807,0.11754893566666667,8507.095315909099,99,111,233231,77.74366666666667,15917056,0,1,3050,0,0,0,0,240950,0,12492800,0,0,0,0,0,0,0,0,0,0,0,0,0,0,0,0,0,0,0,0,0,0,0,0,0
3000,http-over-https-proxy,2,libcurl,315.393307,0.10513110233333334,9511.93298467808,99,110,220367,73.45566666666667,15044608,0,1,3050,0,0,0,0,338550,0,12492800,0,0,0,0,0,0,0,0,0,0,0,0,0,0,0,0,0,0,0,0,0,0,0,0,0
3000,http-over-https-proxy,3,ylong_http_client,352.707647,0.11756921566666667,8505.627891872728,100,110,234448,78.14933333333333,15884288,0,1,3050,0,0,0,0,240950,0,12492800,0,0,0,0,0,0,0,0,0,0,0,0,0,0,0,0,0,0,0,0,0,0,0,0,0
3000,http-over-https-proxy,3,libcurl,367.280671,0.12242689033333333,8168.140163303067,105,121,257415,85.805,14987264,0,1,3050,0,0,0,0,338550,0,12492800,0,0,0,0,0,0,0,0,0,0,0,0,0,0,0,0,0,0,0,0,0,0,0,0,0
3000,http-over-https-proxy,4,ylong_http_client,350.914537,0.11697151233333333,8549.090116491812,99,110,231972,77.324,15949824,0,1,3050,0,0,0,0,240950,0,12492800,0,0,0,0,0,0,0,0,0,0,0,0,0,0,0,0,0,0,0,0,0,0,0,0,0
3000,http-over-https-proxy,4,libcurl,318.408141,0.106136047,9421.869649997423,101,111,223440,74.48,15024128,0,1,3050,0,0,0,0,338550,0,12492800,0,0,0,0,0,0,0,0,0,0,0,0,0,0,0,0,0,0,0,0,0,0,0,0,0
3000,http-over-https-proxy,5,ylong_http_client,224.314099,0.07477136633333334,13374.103604606682,51,123,144873,48.291,15949824,0,1,3050,0,0,0,0,240950,0,12492800,0,0,0,0,0,0,0,0,0,0,0,0,0,0,0,0,0,0,0,0,0,0,0,0,0
3000,http-over-https-proxy,5,libcurl,364.900868,0.12163362266666666,8221.410972363048,104,118,254993,84.99766666666666,15032320,0,1,3050,0,0,0,0,338550,0,12492800,0,0,0,0,0,0,0,0,0,0,0,0,0,0,0,0,0,0,0,0,0,0,0,0,0
200,https-over-https-proxy,1,ylong_http_client,46.20408,0.2310204,4328.622061082052,210,232,19386,96.93,15900672,0,1,0,1,21314,1058720,0,59,0,0,1,250,1,14250,0,1024000,0,0,0,0,0,0,0,0,0,0,0,0,0,0,0,0,0,0,0
200,https-over-https-proxy,1,libcurl,44.541656,0.22270828,4490.178811492774,200,231,19869,99.345,14966784,0,1,0,1,21905,1058720,0,89,0,0,1,250,1,14750,0,1024000,0,0,0,0,0,0,0,0,0,0,0,0,0,0,0,0,0,0,0
200,https-over-https-proxy,2,ylong_http_client,44.314159,0.221570795,4513.230184510554,202,218,18609,93.045,16007168,0,1,0,1,21314,1058720,0,59,0,0,1,250,1,14250,0,1024000,0,0,0,0,0,0,0,0,0,0,0,0,0,0,0,0,0,0,0
200,https-over-https-proxy,2,libcurl,45.581065,0.22790532500000002,4387.786902302524,200,247,20407,102.035,14938112,0,1,0,1,21905,1058720,0,89,0,0,1,250,1,14750,0,1024000,0,0,0,0,0,0,0,0,0,0,0,0,0,0,0,0,0,0,0
200,https-over-https-proxy,3,ylong_http_client,48.774808,0.24387404000000001,4100.477443191575,207,343,19924,99.62,16056320,0,1,0,1,21314,1058720,0,59,0,0,1,250,1,14250,0,1024000,0,0,0,0,0,0,0,0,0,0,0,0,0,0,0,0,0,0,0
200,https-over-https-proxy,3,libcurl,52.907754,0.26453877,3780.164245868385,237,301,23390,116.95,15007744,0,1,0,1,21905,1058720,0,89,0,0,1,250,1,14750,0,1024000,0,0,0,0,0,0,0,0,0,0,0,0,0,0,0,0,0,0,0
200,https-over-https-proxy,4,ylong_http_client,47.500567,0.237502835,4210.476056001606,216,234,19924,99.62,15912960,0,1,0,1,21314,1058720,0,59,0,0,1,250,1,14250,0,1024000,0,0,0,0,0,0,0,0,0,0,0,0,0,0,0,0,0,0,0
200,https-over-https-proxy,4,libcurl,47.8681,0.23934049999999998,4178.147868831226,219,244,21474,107.37,14983168,0,1,0,1,21905,1058720,0,89,0,0,1,250,1,14750,0,1024000,0,0,0,0,0,0,0,0,0,0,0,0,0,0,0,0,0,0,0
200,https-over-https-proxy,5,ylong_http_client,46.380164,0.23190082,4312.188288079361,212,234,19504,97.52,15896576,0,1,0,1,21314,1058720,0,59,0,0,1,250,1,14250,0,1024000,0,0,0,0,0,0,0,0,0,0,0,0,0,0,0,0,0,0,0
200,https-over-https-proxy,5,libcurl,48.728676,0.24364338,4104.359412515128,223,241,21762,108.81,15032320,0,1,0,1,21905,1058720,0,89,0,0,1,250,1,14750,0,1024000,0,0,0,0,0,0,0,0,0,0,0,0,0,0,0,0,0,0,0
1000,https-over-https-proxy,1,ylong_http_client,221.252978,0.22125297800000002,4519.713176470781,201,229,92995,92.995,15917056,0,1,0,1,84514,4437120,0,59,0,0,1,1050,1,59850,0,4300800,0,0,0,0,0,0,0,0,0,0,0,0,0,0,0,0,0,0,0
1000,https-over-https-proxy,1,libcurl,228.725223,0.228725223,4372.058257868656,208,239,101589,101.589,14966784,0,1,0,1,86705,4437120,0,89,0,0,1,1050,1,61950,0,4300800,0,0,0,0,0,0,0,0,0,0,0,0,0,0,0,0,0,0,0
1000,https-over-https-proxy,2,ylong_http_client,210.06137,0.21006137,4760.513558490074,191,208,89198,89.198,15982592,0,1,0,1,84514,4437120,0,59,0,0,1,1050,1,59850,0,4300800,0,0,0,0,0,0,0,0,0,0,0,0,0,0,0,0,0,0,0
1000,https-over-https-proxy,2,libcurl,227.089432,0.22708943199999998,4403.551460730238,202,263,100370,100.37,14991360,0,1,0,1,86705,4437120,0,89,0,0,1,1050,1,61950,0,4300800,0,0,0,0,0,0,0,0,0,0,0,0,0,0,0,0,0,0,0
1000,https-over-https-proxy,3,ylong_http_client,213.770113,0.213770113,4677.922399750988,192,215,88671,88.671,15929344,0,1,0,1,84514,4437120,0,59,0,0,1,1050,1,59850,0,4300800,0,0,0,0,0,0,0,0,0,0,0,0,0,0,0,0,0,0,0
1000,https-over-https-proxy,3,libcurl,193.554647,0.193554647,5166.499567432241,201,222,85912,85.912,15044608,0,1,0,1,86705,4437120,0,89,0,0,1,1050,1,61950,0,4300800,0,0,0,0,0,0,0,0,0,0,0,0,0,0,0,0,0,0,0
1000,https-over-https-proxy,4,ylong_http_client,231.939218,0.231939218,4311.474396710262,210,249,97084,97.084,15978496,0,1,0,1,84514,4437120,0,59,0,0,1,1050,1,59850,0,4300800,0,0,0,0,0,0,0,0,0,0,0,0,0,0,0,0,0,0,0
1000,https-over-https-proxy,4,libcurl,232.292337,0.23229233700000002,4304.920312545652,206,280,102184,102.184,14962688,0,1,0,1,86705,4437120,0,89,0,0,1,1050,1,61950,0,4300800,0,0,0,0,0,0,0,0,0,0,0,0,0,0,0,0,0,0,0
1000,https-over-https-proxy,5,ylong_http_client,190.240399,0.190240399,5256.507057683368,188,226,75359,75.359,15900672,0,1,0,1,84514,4437120,0,59,0,0,1,1050,1,59850,0,4300800,0,0,0,0,0,0,0,0,0,0,0,0,0,0,0,0,0,0,0
1000,https-over-https-proxy,5,libcurl,208.560516,0.208560516,4794.771413012806,199,245,92913,92.913,14958592,0,1,0,1,86705,4437120,0,89,0,0,1,1050,1,61950,0,4300800,0,0,0,0,0,0,0,0,0,0,0,0,0,0,0,0,0,0,0
3000,https-over-https-proxy,1,ylong_http_client,605.077942,0.20169264733333334,4958.03894302265,190,212,254121,84.707,15994880,0,1,0,1,242514,12883120,0,59,0,0,1,3050,1,173850,0,12492800,0,0,0,0,0,0,0,0,0,0,0,0,0,0,0,0,0,0,0
3000,https-over-https-proxy,1,libcurl,653.828456,0.21794281866666665,4588.359488593443,199,219,290036,96.67866666666667,15015936,0,1,0,1,248705,12883120,0,89,0,0,1,3050,1,179950,0,12492800,0,0,0,0,0,0,0,0,0,0,0,0,0,0,0,0,0,0,0
3000,https-over-https-proxy,2,ylong_http_client,652.429676,0.21747655866666665,4598.1967258031345,195,235,276012,92.004,15917056,0,1,0,1,242514,12883120,0,59,0,0,1,3050,1,173850,0,12492800,0,0,0,0,0,0,0,0,0,0,0,0,0,0,0,0,0,0,0
3000,https-over-https-proxy,2,libcurl,666.733074,0.222244358,4499.551795146133,199,234,295907,98.63566666666667,15007744,0,1,0,1,248705,12883120,0,89,0,0,1,3050,1,179950,0,12492800,0,0,0,0,0,0,0,0,0,0,0,0,0,0,0,0,0,0,0
3000,https-over-https-proxy,3,ylong_http_client,646.428042,0.215476014,4640.887778813283,196,227,271307,90.43566666666666,15937536,0,1,0,1,242514,12883120,0,59,0,0,1,3050,1,173850,0,12492800,0,0,0,0,0,0,0,0,0,0,0,0,0,0,0,0,0,0,0
3000,https-over-https-proxy,3,libcurl,644.230803,0.214743601,4656.716173815116,195,222,284991,94.997,15020032,0,1,0,1,248705,12883120,0,89,0,0,1,3050,1,179950,0,12492800,0,0,0,0,0,0,0,0,0,0,0,0,0,0,0,0,0,0,0
3000,https-over-https-proxy,4,ylong_http_client,646.934912,0.21564497066666669,4637.251668371856,194,242,272793,90.931,15921152,0,1,0,1,242514,12883120,0,59,0,0,1,3050,1,173850,0,12492800,0,0,0,0,0,0,0,0,0,0,0,0,0,0,0,0,0,0,0
3000,https-over-https-proxy,4,libcurl,663.466557,0.221155519,4521.704927472328,201,230,294438,98.146,14991360,0,1,0,1,248705,12883120,0,89,0,0,1,3050,1,179950,0,12492800,0,0,0,0,0,0,0,0,0,0,0,0,0,0,0,0,0,0,0
3000,https-over-https-proxy,5,ylong_http_client,482.747092,0.16091569733333333,6214.434120299165,182,214,200090,66.69666666666667,15925248,0,1,0,1,242514,12883120,0,59,0,0,1,3050,1,173850,0,12492800,0,0,0,0,0,0,0,0,0,0,0,0,0,0,0,0,0,0,0
3000,https-over-https-proxy,5,libcurl,680.975174,0.22699172466666667,4405.446945118736,208,230,303131,101.04366666666667,15015936,0,1,0,1,248705,12883120,0,89,0,0,1,3050,1,179950,0,12492800,0,0,0,0,0,0,0,0,0,0,0,0,0,0,0,0,0,0,0
200,proxy-mtls-https-origin,1,ylong_http_client,46.114513,0.230572565,4337.02942932521,209,229,19116,95.58,15888384,0,1,0,1,21314,1058720,0,59,0,0,1,250,1,14250,0,1024000,0,0,0,0,0,0,0,0,0,0,0,0,0,0,0,0,0,0,0
200,proxy-mtls-https-origin,1,libcurl,44.310265,0.221551325,4513.626808596157,204,221,19663,98.315,15101952,0,1,0,1,21905,1058720,0,89,0,0,1,250,1,14750,0,1024000,0,0,0,0,0,0,0,0,0,0,0,0,0,0,0,0,0,0,0
200,proxy-mtls-https-origin,2,ylong_http_client,49.089024,0.24544512000000002,4074.2305245262155,219,275,20366,101.83,15978496,0,1,0,1,21314,1058720,0,59,0,0,1,250,1,14250,0,1024000,0,0,0,0,0,0,0,0,0,0,0,0,0,0,0,0,0,0,0
200,proxy-mtls-https-origin,2,libcurl,43.98199,0.21990995000000002,4547.315844508172,200,218,19293,96.465,15093760,0,1,0,1,21905,1058720,0,89,0,0,1,250,1,14750,0,1024000,0,0,0,0,0,0,0,0,0,0,0,0,0,0,0,0,0,0,0
200,proxy-mtls-https-origin,3,ylong_http_client,42.560425,0.212802125,4699.201194536944,196,208,17639,88.195,15990784,0,1,0,1,21314,1058720,0,59,0,0,1,250,1,14250,0,1024000,0,0,0,0,0,0,0,0,0,0,0,0,0,0,0,0,0,0,0
200,proxy-mtls-https-origin,3,libcurl,58.492898,0.29246448999999997,3419.2185177762954,263,328,26614,133.07,14897152,0,1,0,1,21905,1058720,0,89,0,0,1,250,1,14750,0,1024000,0,0,0,0,0,0,0,0,0,0,0,0,0,0,0,0,0,0,0
200,proxy-mtls-https-origin,4,ylong_http_client,43.393402,0.21696701000000002,4608.995625648341,199,217,18458,92.29,15998976,0,1,0,1,21314,1058720,0,59,0,0,1,250,1,14250,0,1024000,0,0,0,0,0,0,0,0,0,0,0,0,0,0,0,0,0,0,0
200,proxy-mtls-https-origin,4,libcurl,19.786565,0.098932825,10107.868647236142,92,102,8319,41.595,15171584,0,1,0,1,21905,1058720,0,89,0,0,1,250,1,14750,0,1024000,0,0,0,0,0,0,0,0,0,0,0,0,0,0,0,0,0,0,0
200,proxy-mtls-https-origin,5,ylong_http_client,44.129997,0.22064998500000002,4532.064663407976,201,216,18413,92.065,16019456,0,1,0,1,21314,1058720,0,59,0,0,1,250,1,14250,0,1024000,0,0,0,0,0,0,0,0,0,0,0,0,0,0,0,0,0,0,0
200,proxy-mtls-https-origin,5,libcurl,43.6705,0.21835249999999998,4579.750632578057,201,215,19476,97.38,14974976,0,1,0,1,21905,1058720,0,89,0,0,1,250,1,14750,0,1024000,0,0,0,0,0,0,0,0,0,0,0,0,0,0,0,0,0,0,0
1000,proxy-mtls-https-origin,1,ylong_http_client,220.765449,0.220765449,4529.694318244518,200,236,93398,93.398,16015360,0,1,0,1,84514,4437120,0,59,0,0,1,1050,1,59850,0,4300800,0,0,0,0,0,0,0,0,0,0,0,0,0,0,0,0,0,0,0
1000,proxy-mtls-https-origin,1,libcurl,222.4757,0.2224757,4494.8729232001515,203,227,98764,98.764,15163392,0,1,0,1,86705,4437120,0,89,0,0,1,1050,1,61950,0,4300800,0,0,0,0,0,0,0,0,0,0,0,0,0,0,0,0,0,0,0
1000,proxy-mtls-https-origin,2,ylong_http_client,101.828324,0.101828324,9820.450349354665,93,106,42272,42.272,15904768,0,1,0,1,84514,4437120,0,59,0,0,1,1050,1,59850,0,4300800,0,0,0,0,0,0,0,0,0,0,0,0,0,0,0,0,0,0,0
1000,proxy-mtls-https-origin,2,libcurl,177.781182,0.177781182,5624.892290343755,187,227,78870,78.87,15028224,0,1,0,1,86705,4437120,0,89,0,0,1,1050,1,61950,0,4300800,0,0,0,0,0,0,0,0,0,0,0,0,0,0,0,0,0,0,0
1000,proxy-mtls-https-origin,3,ylong_http_client,226.381518,0.226381518,4417.321735602109,204,234,95566,95.566,15912960,0,1,0,1,84514,4437120,0,59,0,0,1,1050,1,59850,0,4300800,0,0,0,0,0,0,0,0,0,0,0,0,0,0,0,0,0,0,0
1000,proxy-mtls-https-origin,3,libcurl,224.049288,0.22404928799999999,4463.303628083835,206,233,101111,101.111,15138816,0,1,0,1,86705,4437120,0,89,0,0,1,1050,1,61950,0,4300800,0,0,0,0,0,0,0,0,0,0,0,0,0,0,0,0,0,0,0
1000,proxy-mtls-https-origin,4,ylong_http_client,227.453442,0.227453442,4396.504142592838,204,245,96900,96.9,15994880,0,1,0,1,84514,4437120,0,59,0,0,1,1050,1,59850,0,4300800,0,0,0,0,0,0,0,0,0,0,0,0,0,0,0,0,0,0,0
1000,proxy-mtls-https-origin,4,libcurl,218.20017,0.21820017000000003,4582.947850132288,194,264,95453,95.453,15015936,0,1,0,1,86705,4437120,0,89,0,0,1,1050,1,61950,0,4300800,0,0,0,0,0,0,0,0,0,0,0,0,0,0,0,0,0,0,0
1000,proxy-mtls-https-origin,5,ylong_http_client,223.800149,0.223800149,4468.272270900052,204,222,94575,94.575,16003072,0,1,0,1,84514,4437120,0,59,0,0,1,1050,1,59850,0,4300800,0,0,0,0,0,0,0,0,0,0,0,0,0,0,0,0,0,0,0
1000,proxy-mtls-https-origin,5,libcurl,236.075522,0.236075522,4235.932601263082,213,244,105554,105.554,15073280,0,1,0,1,86705,4437120,0,89,0,0,1,1050,1,61950,0,4300800,0,0,0,0,0,0,0,0,0,0,0,0,0,0,0,0,0,0,0
3000,proxy-mtls-https-origin,1,ylong_http_client,637.062908,0.21235430266666666,4709.111082009503,192,213,268162,89.38733333333333,16011264,0,1,0,1,242514,12883120,0,59,0,0,1,3050,1,173850,0,12492800,0,0,0,0,0,0,0,0,0,0,0,0,0,0,0,0,0,0,0
3000,proxy-mtls-https-origin,1,libcurl,625.08372,0.20836124,4799.357116515528,196,224,279183,93.061,14995456,0,1,0,1,248705,12883120,0,89,0,0,1,3050,1,179950,0,12492800,0,0,0,0,0,0,0,0,0,0,0,0,0,0,0,0,0,0,0
3000,proxy-mtls-https-origin,2,ylong_http_client,639.8518,0.21328393333333334,4688.585700626301,191,224,273123,91.041,16019456,0,1,0,1,242514,12883120,0,59,0,0,1,3050,1,173850,0,12492800,0,0,0,0,0,0,0,0,0,0,0,0,0,0,0,0,0,0,0
3000,proxy-mtls-https-origin,2,libcurl,670.112926,0.22337097533333333,4476.857382691346,202,244,299363,99.78766666666667,15126528,0,1,0,1,248705,12883120,0,89,0,0,1,3050,1,179950,0,12492800,0,0,0,0,0,0,0,0,0,0,0,0,0,0,0,0,0,0,0
3000,proxy-mtls-https-origin,3,ylong_http_client,351.063742,0.11702124733333333,8545.456682336622,88,144,142230,47.41,16007168,0,1,0,1,242514,12883120,0,59,0,0,1,3050,1,173850,0,12492800,0,0,0,0,0,0,0,0,0,0,0,0,0,0,0,0,0,0,0
3000,proxy-mtls-https-origin,3,libcurl,554.53189,0.18484396333333333,5409.968396948279,190,224,247594,82.53133333333334,14999552,0,1,0,1,248705,12883120,0,89,0,0,1,3050,1,179950,0,12492800,0,0,0,0,0,0,0,0,0,0,0,0,0,0,0,0,0,0,0
3000,proxy-mtls-https-origin,4,ylong_http_client,670.477613,0.22349253766666669,4474.4223249703045,202,235,281720,93.90666666666667,15912960,0,1,0,1,242514,12883120,0,59,0,0,1,3050,1,173850,0,12492800,0,0,0,0,0,0,0,0,0,0,0,0,0,0,0,0,0,0,0
3000,proxy-mtls-https-origin,4,libcurl,655.966671,0.218655557,4573.403089865216,195,229,290961,96.987,15151104,0,1,0,1,248705,12883120,0,89,0,0,1,3050,1,179950,0,12492800,0,0,0,0,0,0,0,0,0,0,0,0,0,0,0,0,0,0,0
3000,proxy-mtls-https-origin,5,ylong_http_client,654.231952,0.21807731733333333,4585.529628794407,196,234,275019,91.673,15986688,0,1,0,1,242514,12883120,0,59,0,0,1,3050,1,173850,0,12492800,0,0,0,0,0,0,0,0,0,0,0,0,0,0,0,0,0,0,0
3000,proxy-mtls-https-origin,5,libcurl,642.955439,0.21431847966666664,4665.953218571342,192,225,284075,94.69166666666666,15073280,0,1,0,1,248705,12883120,0,89,0,0,1,3050,1,179950,0,12492800,0,0,0,0,0,0,0,0,0,0,0,0,0,0,0,0,0,0,0
